user_id,is_loyal,depart_on_time,arrive_on_time,register_method,register_rate,class,seat_rate,meal_rate,flight_rate,package_rate,tv_ad,youtube_ad_1,youtube_ad_2,youtube_ad_3,dm_message,dm_post,dm_email,credit_card_vendor,credit_card_bonus,coupon
00411460f7c92d2124a67ea0f4cb5f85,Satisfied,1,1,phone,3,3,3,3,3,3,1,0,1,0,0,0,0,Vendor A,2,196.7
006f52e9102a8d3be2fe5614f42ba989,Satisfied,0,0,mobile_app,2,2,4,4,2,4,1,0,0,0,1,1,0,Vendor A,3,53.6
00ac8ed3b4327bdd4ebbebcb2ba10a00,Unsatisfied,1,1,others,4,3,1,3,2,2,0,1,1,1,1,0,1,Vendor C,1,107.8
00ec53c4682d36f5c4359f4ae7bd7ba1,Unsatisfied,0,0,others,3,3,1,2,2,3,1,1,1,1,1,0,1,Vendor B,2,37.5
01161aaa0b6d1345dd8fe4e481144d84,Satisfied,1,1,phone,4,2,4,4,5,3,1,0,0,1,1,0,0,Vendor B,1,43.3
01386bd6d8e091c2ab4c7c7de644d37b,Satisfied,1,1,phone,4,3,2,3,4,2,1,1,1,1,0,0,1,Vendor B,1,160.1
013a006f03dbc5392effeb8f18fda755,Satisfied,0,0,others,2,3,3,2,3,2,1,0,1,0,0,0,0,Vendor A,3,146
013d407166ec4fa56eb1e1f8cbe183b9,Satisfied,1,1,mobile_app,2,2,4,3,4,3,1,1,1,0,0,1,1,Vendor B,2,41.4
01882513d5fa7c329e940dda99b12147,Satisfied,1,1,others,3,3,3,3,4,2,0,0,0,0,0,0,0,Vendor B,3,124.5
019d385eb67632a7e958e23f24bd07d7,Unsatisfied,1,1,others,3,3,2,1,3,2,0,1,1,1,1,0,1,Vendor B,2,94.8
01f78be6f7cad02658508fe4616098a9,Unsatisfied,0,0,others,5,3,2,3,2,2,0,0,0,0,0,0,0,Vendor A,2,158.2
024d7f84fff11dd7e8d9c510137a2381,Satisfied,1,1,others,4,3,2,2,3,4,0,0,0,1,0,0,0,Vendor C,1,202.3
02522a2b2726fb0a03bb19f2d8d9524d,Satisfied,1,1,website,2,2,4,3,5,4,0,1,0,1,1,1,1,Vendor C,1,58.7
0266e33d3f546cb5436a10798e657d97,Satisfied,0,1,phone,4,2,3,4,3,4,1,0,0,1,1,0,0,Vendor C,3,46.6
02a32ad2669e6fe298e607fe7cc0e1a0,Satisfied,1,1,others,4,3,3,2,3,3,1,0,0,0,0,0,0,Vendor B,3,145
02e74f10e0327ad868d138f2b4fdd6f0,Unsatisfied,0,0,website,2,1,2,3,3,1,1,1,0,1,1,1,1,Vendor B,2,5.3
0336dcbab05b9d5ad24f4333c7658a0e,Satisfied,0,0,mobile_app,2,2,4,4,3,4,0,0,0,1,0,0,0,Vendor A,3,39.4
0353ab4cbed5beae847a7ff6e220b5cf,Satisfied,1,1,others,3,3,3,2,3,3,0,0,0,0,0,0,0,Vendor B,2,173.1
03afdbd66e7929b125f8597834fa83a4,Satisfied,0,0,website,2,1,4,4,2,3,1,1,1,0,1,0,1,Vendor B,1,9.7
03c6b06952c750899bb03d998e631860,Unsatisfied,0,0,phone,3,2,3,3,3,4,0,0,0,0,1,0,1,Vendor B,2,42.7
04025959b191f8f9de3f924f0940515f,Unsatisfied,0,0,phone,4,3,2,3,3,3,0,0,0,0,0,0,0,Vendor B,1,194.6
043c3d7e489c69b48737cc0c92d0f3a2,Satisfied,1,1,others,2,3,2,2,4,3,1,0,0,0,0,0,0,Vendor C,3,111
045117b0e0a11a242b9765e79cbf113f,Unsatisfied,1,1,mobile_app,3,2,4,4,4,4,0,1,0,0,1,1,1,Vendor B,1,66.8
04ecb1fa28506ccb6f72b12c0245ddbc,Satisfied,1,1,others,2,3,3,2,4,2,1,0,0,0,0,0,0,Vendor A,3,70.6
05049e90fa4f5039a8cadc6acbb4b2cc,Satisfied,1,1,phone,4,3,3,3,3,3,0,1,0,0,0,0,0,Vendor C,3,140.1
051e4e127b92f5d98d3c79b195f2b291,Satisfied,1,1,others,2,3,1,2,4,3,0,0,0,0,0,0,0,Vendor C,3,80.8
0537fb40a68c18da59a35c2bfe1ca554,Unsatisfied,1,0,others,1,3,3,3,5,2,0,0,0,0,0,0,0,Vendor C,2,80.8
0584ce565c824b7b7f50282d9a19945b,Satisfied,1,1,others,2,3,3,2,2,2,0,0,0,0,0,0,0,Vendor B,1,134.2
05f971b5ec196b8c65b75d2ef8267331,Satisfied,1,1,others,1,3,3,2,1,3,0,0,0,0,0,0,0,Vendor C,3,138.9
060ad92489947d410d897474079c1477,Unsatisfied,0,0,mobile_app,1,2,3,3,1,3,0,0,0,1,1,0,1,Vendor B,1,40.8
06138bc5af6023646ede0e1f7c1eac75,Satisfied,1,1,phone,4,2,4,3,3,4,0,0,0,0,0,1,1,Vendor A,2,42.8
061412e4a03c02f9902576ec55ebbe77,Unsatisfied,1,0,others,3,3,2,2,2,1,0,1,0,1,1,1,1,Vendor B,1,32
06409663226af2f3114485aa4e0a23b4,Satisfied,1,1,mobile_app,3,2,3,4,2,3,0,0,0,0,0,1,0,Vendor C,4,51.2
069059b7ef840f0c74a814ec9237b6ec,Unsatisfied,1,1,website,2,2,4,3,4,5,0,0,0,0,1,0,1,Vendor B,1,54.7
06997f04a7db92466a2baa6ebc8b872d,Unsatisfied,1,1,others,3,3,2,2,1,2,0,0,0,0,0,0,0,Vendor B,1,87.3
069d3bb002acd8d7dd095917f9efe4cb,Satisfied,1,1,others,2,3,2,2,3,3,0,0,0,0,0,0,0,Vendor B,3,95.5
06eb61b839a0cefee4967c67ccb099dc,Unsatisfied,0,0,phone,4,2,4,3,2,3,1,1,1,0,1,1,1,Vendor C,1,56.2
072b030ba126b2f4b2374f342be9ed44,Satisfied,1,1,website,3,1,4,4,3,4,1,0,0,0,1,0,1,Vendor A,2,11.7
07563a3fe3bbe7e3ba84431ad9d055af,Unsatisfied,0,0,others,2,3,3,3,3,4,0,1,1,1,1,0,1,Vendor B,1,95.3
076a0c97d09cf1a0ec3e19c7f2529f2b,Satisfied,1,1,others,3,3,3,2,1,2,0,0,0,0,0,0,0,Vendor C,3,88.7
0777d5c17d4066b82ab86dff8a46af6f,Satisfied,1,1,mobile_app,3,2,3,3,1,2,0,0,0,0,0,0,1,Vendor C,3,49.8
077e29b11be80ab57e1a2ecabb7da330,Satisfied,1,1,phone,2,2,3,2,5,3,0,0,0,0,0,0,0,Vendor C,3,50.9
07871915a8107172b3b5dc15a6574ad3,Unsatisfied,0,0,others,2,3,1,2,2,2,1,0,0,0,0,0,0,Vendor B,1,63.3
07a96b1f61097ccb54be14d6a47439b0,Satisfied,0,0,others,2,3,2,3,2,3,1,1,1,1,0,0,0,Vendor B,1,122.9
07c5807d0d927dcd0980f86024e5208b,Satisfied,1,1,others,4,3,4,4,3,3,0,0,1,0,0,0,0,Vendor B,3,249.7
07cdfd23373b17c6b337251c22b7ea57,Satisfied,1,1,phone,3,2,3,4,3,4,0,0,0,0,0,0,1,Vendor C,2,56.4
07e1cd7dca89a1678042477183b7ac3f,Satisfied,1,0,website,4,2,4,4,5,4,1,0,0,0,0,0,1,Vendor C,1,47.5
08419be897405321542838d77f855226,Satisfied,1,1,others,3,3,2,2,3,2,1,0,0,0,0,0,0,Vendor C,1,53.6
084b6fbb10729ed4da8c3d3f5a3ae7c9,Unsatisfied,1,1,mobile_app,2,2,3,3,4,3,0,1,0,0,1,1,1,Vendor B,2,46.2
087408522c31eeb1f982bc0eaf81d35f,Satisfied,0,0,others,2,3,2,2,2,3,1,0,0,0,0,0,0,Vendor C,3,84.2
08b255a5d42b89b0585260b6f2360bdd,Satisfied,1,0,others,1,3,3,2,2,2,0,0,0,0,0,0,0,Vendor B,3,132.9
08c5433a60135c32e34f46a71175850c,Satisfied,1,1,others,1,3,2,1,3,1,1,1,1,0,0,1,1,Vendor C,1,116.5
08d98638c6fcd194a4b1e6992063e944,Satisfied,1,1,others,4,3,2,2,2,2,1,1,0,0,0,0,1,Vendor B,1,154.6
091d584fced301b442654dd8c23b3fc9,Satisfied,1,0,mobile_app,1,2,3,4,3,2,1,0,0,0,1,0,1,Vendor B,2,49.7
093f65e080a295f8076b1c5722a46aa2,Unsatisfied,1,0,website,1,1,3,2,3,3,0,0,0,0,1,1,1,Vendor B,2,3.9
0a09c8844ba8f0936c20bd791130d6b6,Unsatisfied,1,1,mobile_app,3,2,3,3,1,4,0,0,0,0,1,0,1,Vendor C,3,45.9
0a113ef6b61820daa5611c870ed8d5ee,Satisfied,1,1,others,3,3,2,3,2,2,1,1,1,1,1,0,1,Vendor C,3,161.8
0aa1883c6411f7873cb83dacb17b0afc,Satisfied,1,0,mobile_app,2,2,4,3,4,5,1,0,1,1,1,0,0,Vendor B,3,44.2
0b8aff0438617c055eb55f0ba5d226fa,Unsatisfied,0,0,others,1,3,1,2,2,2,0,0,1,0,0,0,0,Vendor C,2,80.7
0bb4aec1710521c12ee76289d9440817,Satisfied,1,1,phone,4,3,2,2,3,3,0,0,0,1,0,0,0,Vendor B,2,140.3
0c74b7f78409a4022a2c4c5a5ca3ee19,Satisfied,1,1,others,5,3,4,3,2,3,0,0,0,0,0,0,0,Vendor A,3,97.7
0cb929eae7a499e50248a3a78f7acfc7,Unsatisfied,0,0,others,5,3,2,3,1,2,0,0,0,1,0,0,0,Vendor C,3,130.3
0d0871f0806eae32d30983b62252da50,Satisfied,1,1,others,4,3,2,3,4,1,0,0,0,0,0,0,0,Vendor C,3,222.6
0d0fd7c6e093f7b804fa0150b875b868,Satisfied,0,0,others,2,3,2,3,3,3,0,0,0,0,0,0,0,Vendor C,3,136.5
0d3180d672e08b4c5312dcdafdf6ef36,Satisfied,1,1,others,3,3,2,3,4,2,0,0,0,1,0,0,0,Vendor C,4,104.1
0d7de1aca9299fe63f3e0041f02638a3,Unsatisfied,0,0,others,2,3,2,2,2,2,1,1,1,1,0,0,1,Vendor B,1,144.6
0deb1c54814305ca9ad266f53bc82511,Unsatisfied,1,1,others,3,3,2,3,1,2,0,0,0,0,0,0,0,Vendor B,2,65.9
0e01938fc48a2cfb5f2217fbfb00722d,Satisfied,1,1,phone,4,2,5,4,2,4,1,0,1,1,1,0,0,Vendor B,1,45.2
0e65972dce68dad4d52d063967f0a705,Unsatisfied,1,0,mobile_app,2,2,4,3,3,5,0,1,1,1,1,0,1,Vendor C,3,56.2
0efe32849d230d7f53049ddc4a4b0c60,Unsatisfied,1,1,others,2,3,1,2,2,1,0,0,0,0,0,0,0,Vendor B,1,67.5
0f28b5d49b3020afeecd95b4009adf4c,Satisfied,1,1,mobile_app,3,2,3,3,1,3,0,0,0,1,0,1,1,Vendor B,2,59.7
0f49c89d1e7298bb9930789c8ed59d48,Satisfied,0,1,phone,3,2,2,4,5,4,1,1,1,0,1,1,1,Vendor C,3,52.6
0f840be9b8db4d3fbd5ba2ce59211f55,Satisfied,0,0,others,1,3,4,2,2,3,0,0,0,1,0,0,0,Vendor C,3,181.5
0f96613235062963ccde717b18f97592,Unsatisfied,1,1,others,5,3,4,3,3,1,0,1,0,0,1,0,1,Vendor A,3,160.5
0fcbc61acd0479dc77e3cccc0f5ffca7,Unsatisfied,1,1,others,3,3,1,2,3,3,0,0,0,0,0,0,0,Vendor C,3,61.4
0ff39bbbf981ac0151d340c9aa40e63e,Satisfied,0,0,others,3,3,3,2,2,3,1,1,0,0,0,0,0,Vendor B,2,132.2
0ff8033cf9437c213ee13937b1c4c455,Satisfied,1,1,others,3,3,2,2,4,3,0,0,0,0,0,0,0,Vendor C,3,119.3
1068c6e4c8051cfd4e9ea8072e3189e2,Satisfied,1,1,others,5,3,3,2,3,4,1,1,1,1,0,1,0,Vendor B,2,145.7
109a0ca3bc27f3e96597370d5c8cf03d,Unsatisfied,0,0,others,1,3,1,2,3,2,0,1,0,1,1,0,1,Vendor C,3,76
10a5ab2db37feedfdeaab192ead4ac0e,Satisfied,1,1,others,5,3,3,2,4,3,0,0,0,0,0,0,0,Vendor C,3,149.2
10a7cdd970fe135cf4f7bb55c0e3b59f,Unsatisfied,1,1,others,3,3,2,2,4,4,0,0,0,0,0,0,0,Vendor C,1,118.3
1141938ba2c2b13f5505d7c424ebae5f,Unsatisfied,0,0,others,4,3,3,4,5,2,0,1,0,1,0,0,1,Vendor B,2,108
115f89503138416a242f40fb7d7f338e,Satisfied,1,1,phone,3,2,3,4,5,3,0,0,1,1,0,1,1,Vendor A,3,46.2
11b921ef080f7736089c757404650e40,Satisfied,1,1,others,3,3,4,3,2,3,1,1,1,1,0,0,1,Vendor C,3,225.9
11b9842e0a271ff252c1903e7132cd68,Satisfied,0,0,phone,3,2,3,3,3,3,0,0,0,0,0,1,1,Vendor B,1,37.5
1385974ed5904a438616ff7bdb3f7439,Satisfied,1,1,mobile_app,3,2,3,3,3,3,0,0,0,0,0,0,1,Vendor C,2,55
138bb0696595b338afbab333c555292a,Satisfied,1,1,phone,3,3,2,2,2,3,0,0,0,0,0,0,0,Vendor C,1,226.2
13f320e7b5ead1024ac95c3b208610db,Satisfied,1,1,others,4,3,3,3,3,4,0,0,0,0,0,0,0,Vendor B,1,116.2
13f3cf8c531952d72e5847c4183e6910,Satisfied,1,1,others,2,3,2,2,4,2,0,1,0,0,0,0,0,Vendor C,3,176.1
13f9896df61279c928f19721878fac41,Satisfied,1,1,phone,4,3,2,3,1,3,0,0,1,1,0,0,0,Vendor B,2,169.8
13fe9d84310e77f13a6d184dbf1232f3,Satisfied,1,1,phone,4,2,3,3,5,4,0,0,0,0,0,0,1,Vendor A,2,44.6
140f6969d5213fd0ece03148e62e461e,Satisfied,1,1,mobile_app,2,2,4,3,1,3,0,0,0,0,0,0,1,Vendor A,2,39.7
142949df56ea8ae0be8b5306971900a4,Satisfied,1,1,others,3,3,3,2,4,3,0,0,0,0,0,0,0,Vendor B,3,147.7
149e9677a5989fd342ae44213df68868,Satisfied,1,1,mobile_app,3,2,4,3,4,4,1,1,0,0,1,1,1,Vendor A,2,47.5
14bfa6bb14875e45bba028a21ed38046,Satisfied,1,1,website,5,1,4,3,3,4,0,0,1,0,1,1,1,Vendor B,1,14.6
1534b76d325a8f591b52d302e7181331,Satisfied,1,1,mobile_app,2,2,2,3,3,3,0,0,0,0,0,0,0,Vendor C,4,43.5
1543843a4723ed2ab08e18053ae6dc5b,Satisfied,0,0,others,3,3,2,3,3,2,0,0,0,0,0,0,0,Vendor C,3,156.4
158f3069a435b314a80bdcb024f8e422,Unsatisfied,0,0,phone,3,2,3,3,2,3,0,0,0,0,0,0,0,Vendor C,2,28.9
1595af6435015c77a7149e92a551338e,Satisfied,1,1,others,2,3,2,2,4,4,1,0,0,0,0,0,0,Vendor B,1,138.4
15d4e891d784977cacbfcbb00c48f133,Satisfied,1,1,others,4,3,2,2,3,2,0,0,0,0,0,0,0,Vendor A,2,189.2
15de21c670ae7c3f6f3f1f37029303c9,Unsatisfied,1,1,others,4,3,3,2,4,3,0,1,1,1,1,1,1,Vendor C,1,109.7
1651cf0d2f737d7adeab84d339dbabd3,Satisfied,1,1,others,4,3,3,2,1,3,0,0,0,0,0,0,0,Vendor B,1,170.9
1679091c5a880faf6fb5e6087eb1b2dc,Satisfied,1,1,website,4,1,4,4,2,2,1,0,0,0,1,0,1,Vendor B,2,16
168908dd3227b8358eababa07fcaf091,Unsatisfied,1,1,others,3,3,2,3,2,2,0,0,0,0,0,0,0,Vendor C,1,124.2
16a5cdae362b8d27a1d8f8c7b78b4330,Unsatisfied,1,1,phone,4,2,3,3,3,2,0,0,0,0,1,0,0,Vendor B,2,36.5
16c222aa19898e5058938167c8ab6c57,Satisfied,1,1,others,5,3,2,3,4,3,0,0,0,0,0,0,0,Vendor B,1,110.6
1700002963a49da13542e0726b7bb758,Satisfied,1,1,phone,4,2,3,4,2,4,1,0,1,1,1,0,1,Vendor A,2,46.7
170c944978496731ba71f34c25826a34,Unsatisfied,0,0,others,4,3,3,2,3,4,0,0,0,0,0,0,0,Vendor B,2,214.8
1728efbda81692282ba642aafd57be3a,Satisfied,1,1,others,2,3,2,2,2,3,1,1,1,1,0,0,1,Vendor B,1,173.1
17c276c8e723eb46aef576537e9d56d0,Satisfied,1,1,others,4,3,3,3,3,3,1,0,0,0,0,0,0,Vendor C,3,183.7
17d63b1625c816c22647a73e1482372b,Satisfied,1,1,others,2,3,2,2,4,3,0,1,1,1,0,0,1,Vendor A,4,115.7
17e62166fc8586dfa4d1bc0e1742c08b,Unsatisfied,1,1,website,4,1,3,3,1,4,0,0,0,0,1,0,1,Vendor A,2,11.2
182be0c5cdcd5072bb1864cdee4d3d6e,Satisfied,1,1,website,3,1,5,4,1,3,1,0,0,1,1,0,1,Vendor C,1,9.5
185c29dc24325934ee377cfda20e414c,Unsatisfied,1,1,others,3,3,2,2,3,2,0,1,0,1,1,0,0,Vendor C,3,56.8
185e65bc40581880c4f2c82958de8cfe,Satisfied,0,0,others,3,3,3,4,4,4,1,0,1,0,0,0,0,Vendor C,4,168.6
18997733ec258a9fcaf239cc55d53363,Satisfied,1,1,others,1,3,2,3,1,2,1,0,1,0,0,0,0,Vendor A,4,225.1
18d8042386b79e2c279fd162df0205c8,Unsatisfied,1,1,others,1,3,2,2,5,1,0,0,0,0,0,0,0,Vendor C,2,73.4
1905aedab9bf2477edc068a355bba31a,Unsatisfied,1,1,others,3,3,2,3,3,2,0,1,1,0,1,0,0,Vendor B,3,190.9
192fc044e74dffea144f9ac5dc9f3395,Unsatisfied,0,0,others,3,3,3,2,5,3,0,0,0,0,0,0,0,Vendor B,1,131.2
19b650660b253761af189682e03501dd,Satisfied,1,1,others,3,3,3,3,2,3,0,0,0,0,0,0,0,Vendor A,2,213
19bc916108fc6938f52cb96f7e087941,Unsatisfied,1,0,others,2,3,2,3,2,3,0,1,1,0,0,0,0,Vendor B,1,187.5
19ca14e7ea6328a42e0eb13d585e4c22,Satisfied,0,0,website,2,1,4,3,3,3,0,0,1,1,0,1,1,Vendor A,2,13.6
19f3cd308f1455b3fa09a282e0d496f4,Satisfied,1,1,phone,4,2,3,3,2,3,1,1,1,1,0,0,1,Vendor A,4,47.5
1a5b1e4daae265b790965a275b53ae50,Unsatisfied,1,1,others,5,3,1,2,3,1,0,0,0,1,0,0,0,Vendor C,2,56.8
1aa48fc4880bb0c9b8a3bf979d3b917e,Unsatisfied,0,0,others,2,3,2,3,3,2,0,1,1,1,1,1,0,Vendor C,3,133.6
1afa34a7f984eeabdbb0a7d494132ee5,Satisfied,0,0,website,3,2,3,2,4,3,0,0,0,0,0,0,0,Vendor B,1,51.3
1bb91f73e9d31ea2830a5e73ce3ed328,Satisfied,1,1,others,2,3,2,2,1,3,0,0,0,0,0,0,0,Vendor B,3,75.7
1be3bc32e6564055d5ca3e5a354acbef,Satisfied,1,1,others,4,3,2,3,1,3,0,0,0,0,0,0,0,Vendor A,2,198.3
1c1d4df596d01da60385f0bb17a4a9e0,Satisfied,1,1,others,4,3,3,3,4,2,1,1,1,1,0,0,1,Vendor C,4,154.8
1c383cd30b7c298ab50293adfecb7b18,Satisfied,1,1,website,3,1,4,4,5,3,1,1,1,1,1,0,1,Vendor C,3,12.3
1c9ac0159c94d8d0cbedc973445af2da,Satisfied,1,0,mobile_app,2,2,3,4,2,3,1,0,0,0,1,0,1,Vendor C,3,50.1
1cc3633c579a90cfdd895e64021e2163,Satisfied,0,0,others,4,3,1,3,2,3,1,0,0,0,0,0,0,Vendor C,3,84
1ce927f875864094e3906a4a0b5ece68,Satisfied,0,0,others,3,3,2,2,2,2,0,0,0,1,0,0,0,Vendor A,4,153.7
1d7f7abc18fcb43975065399b0d1e48e,Unsatisfied,0,0,mobile_app,2,2,2,3,3,2,1,1,1,1,1,0,1,Vendor A,4,39
1e056d2b0ebd5c878c550da6ac5d3724,Satisfied,0,0,others,3,3,3,2,1,2,0,1,1,1,0,0,1,Vendor C,3,100
1ecfb463472ec9115b10c292ef8bc986,Unsatisfied,1,1,others,1,3,1,2,2,1,0,1,0,1,1,0,1,Vendor C,3,93.2
1efa39bcaec6f3900149160693694536,Unsatisfied,1,1,others,3,3,1,3,3,1,0,0,0,0,0,0,0,Vendor C,1,37.4
1f0e3dad99908345f7439f8ffabdffc4,Satisfied,1,1,website,4,1,3,3,4,3,0,0,1,0,1,1,1,Vendor B,2,15.2
1f4477bad7af3616c1f933a02bfabe4e,Satisfied,1,1,others,1,3,2,3,3,2,1,1,1,0,0,0,0,Vendor C,1,222.5
1f50893f80d6830d62765ffad7721742,Unsatisfied,0,0,others,2,3,2,2,3,2,1,0,0,1,0,0,0,Vendor C,1,37.4
1fc214004c9481e4c8073e85323bfd4b,Satisfied,0,0,others,4,3,4,3,2,3,1,1,1,0,0,0,1,Vendor B,2,205.7
1ff1de774005f8da13f42943881c655f,Satisfied,0,0,website,4,1,5,5,4,3,0,1,0,0,1,1,1,Vendor B,2,9.5
1ff8a7b5dc7a7d1f0ed65aaa29c04b1e,Satisfied,1,1,mobile_app,3,2,3,4,2,3,1,0,1,1,0,0,0,Vendor C,1,51.7
202cb962ac59075b964b07152d234b70,Satisfied,1,1,website,3,2,3,3,4,3,1,1,0,0,0,1,1,Vendor A,2,45.5
2050e03ca119580f74cca14cc6e97462,Satisfied,1,1,others,3,3,2,3,3,2,0,1,1,1,0,0,0,Vendor C,3,133.5
20aee3a5f4643755a79ee5f6a73050ac,Unsatisfied,1,1,others,4,3,3,2,3,3,1,1,0,0,1,0,0,Vendor A,2,64.6
20f07591c6fcb220ffe637cda29bb3f6,Satisfied,1,1,phone,4,2,4,4,3,4,1,0,1,0,0,0,1,Vendor C,1,64.4
210f760a89db30aa72ca258a3483cc7f,Unsatisfied,0,0,others,2,3,2,1,2,3,0,0,1,1,0,0,0,Vendor C,2,136.7
217eedd1ba8c592db97d0dbe54c7adfc,Unsatisfied,1,1,others,2,3,2,3,1,3,0,0,0,0,0,0,0,Vendor B,2,135.5
218a0aefd1d1a4be65601cc6ddc1520e,Unsatisfied,0,0,others,2,3,2,1,1,3,0,0,0,0,0,0,0,Vendor B,1,88.9
2291d2ec3b3048d1a6f86c2c4591b7e0,Unsatisfied,1,1,others,1,3,2,3,3,3,0,1,1,0,0,0,1,Vendor B,2,52.4
22ac3c5a5bf0b520d281c122d1490650,Unsatisfied,1,1,others,3,3,1,2,3,2,0,0,1,1,0,0,0,Vendor A,2,112.1
22fb0cee7e1f3bde58293de743871417,Satisfied,1,1,others,3,3,2,2,3,3,0,0,0,0,0,0,0,Vendor A,2,109.7
233509073ed3432027d48b1a83f5fbd2,Unsatisfied,1,1,others,4,3,2,1,2,2,0,1,0,0,1,1,1,Vendor B,1,96.8
23ce1851341ec1fa9e0c259de10bf87c,Unsatisfied,1,1,others,3,3,2,1,2,1,0,0,0,0,0,0,0,Vendor B,1,104.9
2421fcb1263b9530df88f7f002e78ea5,Unsatisfied,1,1,others,2,3,2,1,1,3,0,0,0,0,0,0,0,Vendor C,1,140.2
24681928425f5a9133504de568f5f6df,Unsatisfied,1,1,others,3,3,1,2,2,2,0,1,0,1,0,0,1,Vendor C,3,62.8
24896ee4c6526356cc127852413ea3b4,Satisfied,1,1,others,2,3,4,2,2,4,1,0,0,0,0,0,0,Vendor C,2,82.3
248e844336797ec98478f85e7626de4a,Satisfied,1,1,others,3,3,3,3,1,3,0,0,0,0,0,0,0,Vendor A,2,169.9
24b16fede9a67c9251d3e7c7161c83ac,Satisfied,1,1,others,4,3,2,3,2,2,1,0,0,0,0,0,0,Vendor B,3,219.5
250cf8b51c773f3f8dc8b4be867a9a02,Satisfied,1,1,others,2,3,2,2,2,3,0,1,1,0,0,0,0,Vendor A,2,172.7
258be18e31c8188555c2ff05b4d542c3,Unsatisfied,1,1,others,3,3,3,3,3,3,1,1,1,1,1,0,1,Vendor B,1,73.9
25b2822c2f5a3230abfadd476e8b04c9,Satisfied,1,1,others,5,3,3,3,4,5,0,0,0,0,0,0,0,Vendor C,4,164
25ddc0f8c9d3e22e03d3076f98d83cb2,Satisfied,0,0,others,1,3,2,2,2,2,1,0,0,0,0,0,0,Vendor C,1,90.5
26337353b7962f533d78c762373b3318,Satisfied,1,1,others,3,3,3,2,3,3,0,0,0,0,0,0,0,Vendor A,3,200.9
26408ffa703a72e8ac0117e74ad46f33,Satisfied,1,0,others,1,3,2,3,2,4,1,1,1,1,0,0,1,Vendor A,3,81.8
26657d5ff9020d2abefe558796b99584,Satisfied,0,0,website,2,2,2,3,3,2,0,0,0,0,0,0,1,Vendor C,3,24.3
26dd0dbc6e3f4c8043749885523d6a25,Unsatisfied,1,0,others,3,3,2,2,2,4,0,0,0,0,0,0,0,Vendor B,1,138
26e359e83860db1d11b6acca57d8ea88,Satisfied,0,0,phone,3,2,4,4,2,4,0,0,0,0,0,1,0,Vendor A,3,44.1
2723d092b63885e0d7c260cc007e8b9d,Unsatisfied,1,1,website,3,2,2,3,3,4,0,0,0,0,1,1,1,Vendor C,4,59
274ad4786c3abca69fa097b85867d9a4,Satisfied,0,0,mobile_app,3,2,4,3,3,4,1,0,0,0,1,1,0,Vendor C,3,51.4
2823f4797102ce1a1aec05359cc16dd9,Unsatisfied,0,0,others,5,3,2,3,3,3,0,1,0,0,0,0,1,Vendor B,2,194.8
28267ab848bcf807b2ed53c3a8f8fc8a,Satisfied,0,0,others,2,3,2,2,3,3,1,0,0,0,0,0,0,Vendor C,3,95.4
2838023a778dfaecdc212708f721b788,Satisfied,0,0,website,1,1,3,2,3,3,0,0,0,0,1,0,1,Vendor C,3,9.8
285e19f20beded7d215102b49d5c09a0,Unsatisfied,1,0,others,1,3,1,2,1,2,0,0,0,0,0,0,0,Vendor B,3,130.8
287e03db1d99e0ec2edb90d079e142f3,Satisfied,1,1,others,2,3,2,2,1,3,1,0,0,1,0,0,0,Vendor B,2,127.9
288cc0ff022877bd3df94bc9360b9c5d,Satisfied,1,1,others,5,3,4,3,5,2,0,0,0,0,0,0,0,Vendor A,2,275
289dff07669d7a23de0ef88d2f7129e7,Unsatisfied,1,1,phone,3,2,2,3,2,2,1,0,0,0,1,0,0,Vendor C,1,45.2
28dd2c7955ce926456240b2ff0100bde,Satisfied,1,1,website,5,2,3,3,3,5,0,0,0,0,1,1,1,Vendor B,3,55.2
28f0b864598a1291557bed248a998d4e,Satisfied,1,1,others,5,3,3,3,2,3,0,0,0,0,0,0,0,Vendor A,2,127.8
291597a100aadd814d197af4f4bab3a7,Unsatisfied,0,0,others,3,3,2,2,1,3,1,1,1,1,0,1,1,Vendor B,2,88.4
298f95e1bf9136124592c8d4825a06fc,Unsatisfied,1,1,others,2,3,1,1,3,3,0,0,0,0,0,0,0,Vendor C,3,46.5
2a084e55c87b1ebcdaad1f62fdbbac8e,Unsatisfied,1,1,others,3,3,3,2,1,3,0,0,0,0,0,0,0,Vendor B,1,140.9
2a38a4a9316c49e5a833517c45d31070,Satisfied,1,1,website,1,2,2,2,3,3,1,0,0,1,0,0,1,Vendor B,1,49.6
2a79ea27c279e471f4d180b08d62b00a,Satisfied,1,1,mobile_app,3,2,3,3,3,3,0,0,0,0,0,0,0,Vendor B,1,58.4
2a9d121cd9c3a1832bb6d2cc6bd7a8a7,Satisfied,1,1,others,4,3,3,3,4,3,1,1,0,1,0,0,0,Vendor B,1,174.6
2ab56412b1163ee131e1246da0955bd1,Satisfied,1,0,others,4,3,2,2,2,2,0,1,0,0,0,0,1,Vendor C,3,45.7
2afe4567e1bf64d32a5527244d104cea,Unsatisfied,1,1,others,5,3,2,3,1,3,0,0,0,0,0,0,0,Vendor B,1,93.2
2b24d495052a8ce66358eb576b8912c8,Satisfied,1,0,mobile_app,3,2,2,3,4,2,0,0,0,0,0,0,0,Vendor C,3,45.2
2b44928ae11fb9384c4cf38708677c48,Satisfied,1,0,website,3,2,4,3,1,3,1,1,1,1,1,1,1,Vendor B,1,61.6
2b8a61594b1f4c4db0902a8a395ced93,Satisfied,1,1,others,5,3,3,3,3,3,1,0,0,0,0,0,0,Vendor A,2,193.7
2ba596643cbbbc20318224181fa46b28,Unsatisfied,1,1,others,1,3,2,2,2,1,0,0,0,0,0,0,0,Vendor B,1,147.3
2bb232c0b13c774965ef8558f0fbd615,Satisfied,1,1,others,4,3,2,1,4,2,1,0,0,1,0,0,0,Vendor B,1,129.1
2bcab9d935d219641434683dd9d18a03,Unsatisfied,0,0,others,2,3,2,2,2,2,0,0,0,0,0,0,0,Vendor B,3,61.5
2ca65f58e35d9ad45bf7f3ae5cfd08f1,Satisfied,1,1,others,4,3,3,2,3,4,0,0,0,0,0,0,0,Vendor C,1,171.4
2d6cc4b2d139a53512fb8cbb3086ae2e,Unsatisfied,0,0,others,1,3,2,3,1,2,0,1,1,0,0,1,1,Vendor C,4,133.2
2dace78f80bc92e6d7493423d729448e,Unsatisfied,0,0,others,3,3,2,2,3,2,0,1,0,0,0,0,0,Vendor C,2,122.9
2dea61eed4bceec564a00115c4d21334,Satisfied,1,1,others,5,3,4,2,2,3,0,1,1,0,0,0,0,Vendor A,4,99.6
2e65f2f2fdaf6c699b223c61b1b5ab89,Satisfied,0,0,others,3,3,1,2,4,3,1,1,1,1,0,0,0,Vendor B,3,144.1
2f2b265625d76a6704b08093c652fd79,Unsatisfied,1,0,phone,2,3,2,3,1,3,0,0,0,0,0,0,0,Vendor B,1,136.8
2f37d10131f2a483a8dd005b3d14b0d9,Unsatisfied,1,1,others,2,3,1,2,4,1,0,0,0,0,0,0,0,Vendor B,2,81
2f55707d4193dc27118a0f19a1985716,Satisfied,1,1,others,3,3,3,2,4,2,0,0,0,0,0,0,0,Vendor A,3,84.2
2f885d0fbe2e131bfc9d98363e55d1d4,Satisfied,1,1,others,2,3,2,2,1,3,0,0,0,0,0,0,0,Vendor C,4,60.1
301ad0e3bd5cb1627a2044908a42fdc2,Satisfied,1,1,others,1,3,1,2,1,1,0,0,0,0,0,0,0,Vendor B,3,152.6
303ed4c69846ab36c2904d3ba8573050,Satisfied,1,1,others,3,3,1,3,3,2,1,1,0,0,0,0,0,Vendor A,2,82.7
30bb3825e8f631cc6075c0f87bb4978c,Unsatisfied,0,0,others,4,3,4,3,1,3,0,0,0,0,0,0,0,Vendor B,2,221.2
30ef30b64204a3088a26bc2e6ecf7602,Unsatisfied,0,0,others,2,3,2,2,2,3,1,0,0,0,0,0,0,Vendor B,1,139.4
310dcbbf4cce62f762a2aaa148d556bd,Satisfied,1,1,phone,4,3,3,3,1,2,1,0,0,0,0,0,0,Vendor B,1,106
31839b036f63806cba3f47b93af8ccb5,Satisfied,0,0,others,4,3,2,3,3,3,1,0,1,1,0,0,0,Vendor B,3,73
31fefc0e570cb3860f2a6d4b38c6490d,Unsatisfied,1,1,mobile_app,2,2,2,3,3,2,0,0,0,0,1,0,1,Vendor B,2,54.5
320722549d1751cf3f247855f937b982,Satisfied,1,1,phone,3,2,3,4,4,3,0,0,0,0,0,0,0,Vendor C,1,57.7
3295c76acbf4caaed33c36b1b5fc2cb1,Satisfied,1,1,website,4,1,4,4,3,3,1,0,1,1,0,0,1,Vendor B,1,7.6
32b30a250abd6331e03a2a1f16466346,Unsatisfied,1,1,others,5,3,2,2,3,4,0,0,0,0,0,0,0,Vendor B,2,148.4
32bb90e8976aab5298d5da10fe66f21d,Satisfied,1,1,website,4,1,5,4,2,3,1,0,1,1,1,1,1,Vendor C,3,20.3
3328bdf9a4b9504b9398284244fe97c2,Unsatisfied,1,1,others,4,3,2,2,1,3,0,0,0,0,0,0,0,Vendor B,1,42.1
335f5352088d7d9bf74191e006d8e24c,Unsatisfied,0,0,phone,3,2,2,3,2,3,0,1,0,0,1,0,1,Vendor B,1,42.7
33e75ff09dd601bbe69f351039152189,Satisfied,1,1,website,1,1,3,4,1,3,1,0,0,0,1,1,1,Vendor A,3,9
33e8075e9970de0cfea955afd4644bb2,Satisfied,1,1,others,3,3,2,2,3,3,0,0,0,1,0,0,0,Vendor C,4,107.8
3416a75f4cea9109507cacd8e2f2aefc,Unsatisfied,0,0,website,3,1,3,4,2,2,0,1,0,0,1,1,1,Vendor A,2,5.5
34173cb38f07f89ddbebc2ac9128303f,Unsatisfied,0,0,website,2,1,3,3,2,4,0,0,0,0,1,1,1,Vendor C,4,8.3
3435c378bb76d4357324dd7e69f3cd18,Satisfied,1,1,others,5,3,3,3,3,4,1,0,1,1,0,0,0,Vendor B,3,173.2
3493894fa4ea036cfc6433c3e2ee63b0,Unsatisfied,1,1,others,3,3,2,3,2,3,0,0,0,0,0,0,0,Vendor B,1,97.3
34ed066df378efacc9b924ec161e7639,Satisfied,1,1,phone,5,2,3,3,2,3,0,1,1,1,0,1,1,Vendor C,1,43.2
35051070e572e47d2c26c241ab88307f,Satisfied,1,1,others,3,3,2,2,1,3,1,0,0,0,0,0,0,Vendor C,1,132.4
352407221afb776e3143e8a1a0577885,Satisfied,1,1,others,4,3,3,3,2,3,0,0,0,0,0,0,0,Vendor C,1,174.8
352fe25daf686bdb4edca223c921acea,Unsatisfied,1,1,others,4,3,2,3,3,2,0,0,0,1,0,0,0,Vendor B,2,111.6
357a6fdf7642bf815a88822c447d9dc4,Satisfied,1,1,phone,4,3,3,2,4,3,1,0,0,0,0,0,0,Vendor C,2,128.6
35cf8659cfcb13224cbd47863a34fc58,Unsatisfied,1,1,others,3,3,2,3,1,4,1,0,0,0,0,0,0,Vendor C,1,49.4
35f4a8d465e6e1edc05f3d8ab658c551,Satisfied,1,0,website,5,2,3,3,4,3,0,0,1,1,0,0,0,Vendor B,2,41.4
3621f1454cacf995530ea53652ddf8fb,Unsatisfied,0,0,others,3,3,1,1,3,2,0,0,0,0,0,0,0,Vendor B,2,129.4
362e80d4df43b03ae6d3f8540cd63626,Satisfied,0,0,others,4,3,2,3,3,3,1,0,0,0,0,0,0,Vendor B,1,127.2
3636638817772e42b59d74cff571fbb3,Unsatisfied,1,1,mobile_app,2,2,3,3,1,3,0,0,0,0,1,0,1,Vendor A,2,59.9
3644a684f98ea8fe223c713b77189a77,Satisfied,1,1,mobile_app,3,2,3,3,4,4,0,0,0,0,1,1,1,Vendor A,4,49.6
36660e59856b4de58a219bcf4e27eba3,Satisfied,1,1,phone,3,2,3,3,3,2,1,0,0,0,1,0,0,Vendor B,1,49.1
371bce7dc83817b7893bcdeed13799b5,Satisfied,1,1,phone,3,3,2,3,3,3,1,1,0,1,0,0,0,Vendor B,2,68.2
37693cfc748049e45d87b8c7d8b9aacd,Satisfied,1,1,website,3,1,3,4,3,4,0,0,0,0,1,0,1,Vendor A,2,11.6
37a749d808e46495a8da1e5352d03cae,Satisfied,1,1,mobile_app,2,2,3,3,3,2,0,0,1,0,0,1,0,Vendor B,2,36
37bc2f75bf1bcfe8450a1a41c200364c,Satisfied,0,0,phone,3,2,3,3,2,3,0,0,0,0,0,1,0,Vendor C,3,34.9
37f0e884fbad9667e38940169d0a3c95,Unsatisfied,1,1,others,5,3,2,2,3,2,0,0,0,0,0,0,0,Vendor B,1,38.4
3871bd64012152bfb53fdf04b401193f,Unsatisfied,1,1,others,1,3,1,3,1,2,0,0,0,0,0,0,0,Vendor C,3,95.3
38913e1d6a7b94cb0f55994f679f5956,Unsatisfied,1,1,others,3,3,2,2,2,2,0,0,0,0,0,0,0,Vendor B,1,111.3
389bc7bb1e1c2a5e7e147703232a88f6,Unsatisfied,1,1,others,2,3,1,2,3,2,0,0,0,0,0,0,0,Vendor B,1,123.8
38af86134b65d0f10fe33d30dd76442e,Satisfied,1,1,mobile_app,2,2,3,3,3,4,0,1,0,0,0,1,1,Vendor B,1,47
38b3eff8baf56627478ec76a704e9b52,Satisfied,1,1,website,3,2,4,5,3,3,0,0,0,0,1,0,0,Vendor A,4,38.3
38db3aed920cf82ab059bfccbd02be6a,Satisfied,1,1,phone,2,2,3,3,3,3,0,0,0,0,0,1,0,Vendor C,1,52.8
39059724f73a9969845dfe4146c5660e,Satisfied,1,1,phone,4,2,3,4,3,4,0,0,0,0,0,0,1,Vendor C,3,54.2
39461a19e9eddfb385ea76b26521ea48,Unsatisfied,1,1,others,2,3,2,1,2,3,0,0,0,0,0,0,0,Vendor B,2,60.5
3988c7f88ebcb58c6ce932b957b6f332,Satisfied,1,1,mobile_app,3,2,5,4,4,3,0,0,0,0,1,0,0,Vendor C,4,57.2
3a066bda8c96b9478bb0512f0a43028c,Satisfied,1,1,others,1,3,2,1,1,1,0,0,0,0,0,0,0,Vendor C,3,118
3a0772443a0739141292a5429b952fe6,Satisfied,1,1,others,4,3,3,2,2,2,1,0,0,1,0,0,0,Vendor C,1,92.4
3a835d3215755c435ef4fe9965a3f2a0,Satisfied,1,0,others,5,3,2,2,3,3,0,0,0,0,0,0,0,Vendor C,3,106.9
3ad7c2ebb96fcba7cda0cf54a2e802f5,Satisfied,1,1,phone,4,3,3,3,4,4,0,0,1,0,0,0,0,Vendor C,3,159.3
3b3dbaf68507998acd6a5a5254ab2d76,Satisfied,1,1,others,3,3,4,3,2,3,1,1,0,0,0,0,1,Vendor B,1,173.4
3b5dca501ee1e6d8cd7b905f4e1bf723,Satisfied,0,0,others,3,3,3,3,2,3,1,0,0,0,0,0,0,Vendor B,2,104.5
3b8a614226a953a8cd9526fca6fe9ba5,Unsatisfied,1,1,mobile_app,3,2,4,3,4,3,0,1,0,0,1,0,1,Vendor B,1,51.9
3c59dc048e8850243be8079a5c74d079,Satisfied,1,1,website,1,1,4,3,3,3,0,0,0,0,1,1,1,Vendor C,3,9.3
3c7781a36bcd6cf08c11a970fbe0e2a6,Satisfied,1,1,others,2,3,3,3,1,2,0,0,0,0,0,0,0,Vendor C,4,188.3
3cec07e9ba5f5bb252d13f5f431e4bbb,Satisfied,1,1,phone,4,2,4,3,4,3,0,0,0,0,0,0,1,Vendor C,2,60.4
3cef96dcc9b8035d23f69e30bb19218a,Unsatisfied,1,0,others,3,3,2,2,2,2,0,1,1,0,0,1,0,Vendor B,1,138
3cf166c6b73f030b4f67eeaeba301103,Satisfied,1,1,others,3,3,3,2,3,4,0,0,0,0,0,0,0,Vendor B,1,155.8
3d2d8ccb37df977cb6d9da15b76c3f3a,Satisfied,1,1,others,5,3,4,2,4,4,0,0,0,0,0,0,0,Vendor C,1,179.3
3d8e28caf901313a554cebc7d32e67e5,Unsatisfied,0,0,others,4,3,2,2,2,3,0,1,0,1,0,0,0,Vendor B,1,198.1
3dc4876f3f08201c7c76cb71fa1da439,Unsatisfied,1,1,others,2,3,1,2,1,1,0,1,0,0,0,0,1,Vendor B,1,148.7
3dd48ab31d016ffcbf3314df2b3cb9ce,Unsatisfied,0,0,phone,4,3,1,2,4,3,0,0,0,0,0,0,0,Vendor C,2,152.2
3def184ad8f4755ff269862ea77393dd,Satisfied,1,0,website,4,2,4,3,4,3,0,0,0,0,0,1,1,Vendor B,1,43.3
3df1d4b96d8976ff5986393e8767f5b2,Satisfied,1,1,others,4,3,2,2,1,2,1,0,1,0,0,0,0,Vendor A,2,137.6
3e89ebdb49f712c7d90d1b39e348bbbf,Satisfied,1,1,others,5,3,2,3,1,2,0,0,0,0,0,0,0,Vendor B,2,150.2
3ef815416f775098fe977004015c6193,Satisfied,1,1,website,3,2,3,3,1,4,1,0,1,0,1,0,1,Vendor B,2,49.7
3fe94a002317b5f9259f82690aeea4cd,Satisfied,0,0,phone,4,2,4,3,4,3,0,0,0,0,0,0,1,Vendor B,1,60.6
40008b9a5380fcacce3976bf7c08af5b,Unsatisfied,1,1,phone,5,3,2,2,2,2,0,1,0,1,1,0,0,Vendor A,2,79.6
41ae36ecb9b3eee609d05b90c14222fb,Satisfied,1,1,others,3,3,3,3,2,3,0,1,0,0,0,0,0,Vendor A,4,183.8
41f1f19176d383480afa65d325c06ed0,Unsatisfied,1,1,others,1,3,2,3,2,2,0,0,1,0,0,0,0,Vendor B,1,55.7
428fca9bc1921c25c5121f9da7815cde,Satisfied,1,1,others,3,3,3,2,3,2,1,1,1,0,0,1,1,Vendor B,3,196.9
42998cf32d552343bc8e460416382dca,Unsatisfied,1,1,others,3,3,2,3,5,3,1,1,0,0,1,0,0,Vendor C,2,130.4
42a0e188f5033bc65bf8d78622277c4e,Unsatisfied,1,1,mobile_app,3,2,3,3,2,3,1,0,0,0,1,0,1,Vendor A,2,48
42e77b63637ab381e8be5f8318cc28a2,Unsatisfied,1,0,others,1,3,2,2,4,2,0,1,0,0,0,0,0,Vendor B,2,67.1
42e7aaa88b48137a16a1acd04ed91125,Unsatisfied,1,1,others,1,3,2,2,4,2,0,0,0,0,0,0,0,Vendor A,2,38.3
430c3626b879b4005d41b8a46172e0c0,Satisfied,1,0,others,2,3,2,2,3,2,0,0,0,0,0,0,0,Vendor C,2,125.6
4311359ed4969e8401880e3c1836fbe1,Satisfied,1,1,others,2,3,1,2,3,3,1,1,1,1,0,0,1,Vendor B,1,47.9
432aca3a1e345e339f35a30c8f65edce,Unsatisfied,1,0,phone,4,2,3,3,1,3,1,0,0,0,1,1,0,Vendor B,1,50
437d7d1d97917cd627a34a6a0fb41136,Unsatisfied,0,0,others,1,3,1,2,2,3,0,0,0,1,0,0,0,Vendor A,2,64.8
43ec517d68b6edd3015b3edc9a11367b,Satisfied,1,0,website,3,2,4,3,4,2,0,0,0,0,1,1,1,Vendor C,3,49.4
43fa7f58b7eac7ac872209342e62e8f1,Unsatisfied,1,1,others,1,3,2,1,1,3,1,1,0,0,1,0,0,Vendor C,1,72.8
43feaeeecd7b2fe2ae2e26d917b6477d,Unsatisfied,1,1,others,2,3,1,1,2,2,0,0,0,0,0,0,0,Vendor B,1,16.6
443cb001c138b2561a0d90720d6ce111,Unsatisfied,0,0,others,1,3,1,1,1,3,1,1,0,0,0,0,0,Vendor B,1,31.8
44c4c17332cace2124a1a836d9fc4b6f,Satisfied,1,1,others,3,3,3,3,2,3,0,0,0,0,0,0,0,Vendor C,3,206.5
44f683a84163b3523afe57c2e008bc8c,Unsatisfied,0,0,website,2,1,3,3,3,1,0,0,0,0,1,0,1,Vendor C,2,6.9
4558dbb6f6f8bb2e16d03b85bde76e2c,Satisfied,1,1,others,4,3,3,3,2,2,0,0,0,1,0,0,0,Vendor C,3,162.2
45645a27c4f1adc8a7a835976064a86d,Unsatisfied,0,0,others,2,3,1,2,2,2,0,0,0,0,0,0,0,Vendor A,2,130.9
45c48cce2e2d7fbdea1afc51c7c6ad26,Satisfied,1,1,website,4,1,5,4,2,3,1,0,0,0,0,1,1,Vendor C,1,8.5
45fbc6d3e05ebd93369ce542e8f2322d,Unsatisfied,1,1,mobile_app,2,2,4,3,1,3,0,1,0,0,1,0,1,Vendor B,1,51.8
46922a0880a8f11f8f69cbb52b1396be,Unsatisfied,1,1,others,3,3,1,2,2,4,0,1,1,0,0,0,0,Vendor C,1,128.2
46ba9f2a6976570b0353203ec4474217,Satisfied,1,1,phone,4,2,4,3,3,5,1,1,0,0,1,0,1,Vendor C,3,54.1
470e7a4f017a5476afb7eeb3f8b96f9b,Unsatisfied,1,1,others,2,3,2,1,3,3,1,1,1,0,1,0,1,Vendor C,4,55.9
4734ba6f3de83d861c3176a6273cac6d,Satisfied,1,1,phone,3,2,3,3,4,3,0,0,0,0,1,0,0,Vendor A,3,47.1
47d1e990583c9c67424d369f3414728e,Satisfied,1,1,mobile_app,2,2,3,3,4,3,0,0,0,0,0,0,1,Vendor C,1,38.8
48ab2f9b45957ab574cf005eb8a76760,Satisfied,1,1,others,2,3,2,2,2,3,0,0,0,0,0,0,0,Vendor C,3,102.9
48aedb8880cab8c45637abc7493ecddd,Unsatisfied,1,1,phone,3,2,3,3,3,3,0,0,0,1,1,1,1,Vendor C,2,41
49182f81e6a13cf5eaa496d51fea6406,Satisfied,1,1,phone,3,2,3,3,3,4,1,0,0,0,0,0,1,Vendor B,1,51.5
496e05e1aea0a9c4655800e8a7b9ea28,Satisfied,1,1,phone,4,2,3,2,5,4,1,1,0,1,0,0,1,Vendor A,2,51
49ae49a23f67c759bf4fc791ba842aa2,Unsatisfied,1,0,others,4,3,1,3,1,3,1,1,1,0,0,0,0,Vendor C,1,90.8
49c9adb18e44be0711a94e827042f630,Unsatisfied,0,0,others,1,3,2,2,2,2,0,0,0,0,0,0,0,Vendor B,1,79.6
4a47d2983c8bd392b120b627e0e1cab4,Satisfied,1,1,others,1,3,3,3,3,3,0,0,0,0,0,0,0,Vendor C,3,104.1
4b0250793549726d5c1ea3906726ebfe,Unsatisfied,1,0,others,2,3,3,2,2,4,0,1,0,1,1,0,0,Vendor B,2,158.3
4b04a686b0ad13dce35fa99fa4161c65,Satisfied,1,1,others,3,3,2,3,3,3,1,1,1,0,0,1,1,Vendor B,1,96.3
4b0a59ddf11c58e7446c9df0da541a84,Unsatisfied,0,0,others,5,3,2,3,3,3,0,0,0,0,0,0,0,Vendor C,3,76.9
4b6538a44a1dfdc2b83477cd76dee98e,Satisfied,1,1,others,4,3,2,2,5,4,0,0,0,0,0,0,0,Vendor B,1,144.6
4c27cea8526af8cfee3be5e183ac9605,Satisfied,1,0,others,5,3,3,2,3,3,0,0,0,0,0,0,0,Vendor C,2,165
4c56ff4ce4aaf9573aa5dff913df997a,Satisfied,1,1,website,2,2,3,3,3,3,0,0,0,0,0,0,0,Vendor C,3,48.7
4c5bde74a8f110656874902f07378009,Satisfied,1,1,mobile_app,2,2,3,3,4,4,0,0,0,0,0,0,1,Vendor B,1,45.3
4d5b995358e7798bc7e9d9db83c612a5,Unsatisfied,0,0,others,1,3,3,2,2,2,1,0,0,0,0,0,0,Vendor B,1,92.3
4daa3db355ef2b0e64b472968cb70f0d,Unsatisfied,0,0,others,1,3,2,2,3,2,0,0,1,0,0,0,0,Vendor B,2,93.7
4e0928de075538c593fbdabb0c5ef2c3,Unsatisfied,0,0,others,2,3,3,2,3,3,0,0,0,0,0,0,0,Vendor B,2,54.8
4e0cb6fb5fb446d1c92ede2ed8780188,Satisfied,0,0,others,3,3,2,3,4,3,0,0,0,0,0,0,0,Vendor C,3,141.9
4e4b5fbbbb602b6d35bea8460aa8f8e5,Unsatisfied,0,0,others,3,3,2,2,1,2,0,0,0,1,0,0,0,Vendor B,3,109.4
4e732ced3463d06de0ca9a15b6153677,Unsatisfied,0,0,website,3,1,4,3,5,5,0,1,0,0,1,0,1,Vendor C,1,21.5
4ea06fbc83cdd0a06020c35d50e1e89a,Satisfied,1,1,others,2,3,2,3,3,2,1,1,0,0,0,0,1,Vendor B,1,107
4f4adcbf8c6f66dcfc8a3282ac2bf10a,Satisfied,1,1,others,2,3,3,3,1,2,1,1,1,1,0,1,1,Vendor B,3,152.2
4f6ffe13a5d75b2d6a3923922b3922e5,Satisfied,1,1,others,5,3,2,2,3,3,1,0,1,0,0,0,0,Vendor C,3,47.3
4fac9ba115140ac4f1c22da82aa0bc7f,Unsatisfied,1,1,others,3,3,2,1,2,3,0,0,0,0,0,0,0,Vendor C,1,48.3
4ffce04d92a4d6cb21c1494cdfcd6dc1,Unsatisfied,0,0,others,3,3,2,2,3,3,0,0,0,1,0,0,0,Vendor C,1,129.7
500e75a036dc2d7d2fec5da1b71d36cc,Satisfied,1,1,others,4,3,2,1,2,4,0,0,0,0,0,0,0,Vendor C,4,160.8
502e4a16930e414107ee22b6198c578f,Satisfied,1,1,phone,4,2,3,3,4,4,0,0,0,0,0,1,1,Vendor B,1,35.1
50c3d7614917b24303ee6a220679dab3,Unsatisfied,0,0,others,3,3,2,2,4,2,0,0,0,0,0,0,0,Vendor C,2,147.1
51d92be1c60d1db1d2e5e7a07da55b26,Satisfied,1,1,others,1,3,3,2,2,3,0,1,0,1,0,0,1,Vendor A,3,156.1
51ef186e18dc00c2d31982567235c559,Satisfied,1,1,others,2,3,1,1,4,2,0,1,1,1,0,0,1,Vendor A,2,182.8
52720e003547c70561bf5e03b95aa99f,Unsatisfied,1,1,phone,4,3,1,2,4,3,0,0,0,0,0,0,0,Vendor C,1,92.9
539fd53b59e3bb12d203f45a912eeaf2,Satisfied,1,1,phone,3,2,2,2,2,2,1,0,1,1,0,0,0,Vendor B,1,33.3
53c3bce66e43be4f209556518c2fcb54,Unsatisfied,1,1,phone,4,2,3,4,2,2,0,1,0,1,1,0,1,Vendor C,2,35.6
53e3a7161e428b65688f14b84d61c610,Unsatisfied,0,0,others,2,3,1,2,3,2,0,0,0,0,0,0,0,Vendor A,4,49.2
53fde96fcc4b4ce72d7739202324cd49,Unsatisfied,0,0,others,1,3,1,1,4,2,1,0,0,1,0,0,0,Vendor C,3,34.3
54229abfcfa5649e7003b83dd4755294,Satisfied,1,1,website,4,2,3,3,5,3,1,0,0,1,0,1,1,Vendor A,3,41.2
5487315b1286f907165907aa8fc96619,Satisfied,1,1,others,5,3,2,2,1,4,0,1,1,1,0,0,0,Vendor A,2,152.6
54a367d629152b720749e187b3eaa11b,Satisfied,1,0,others,5,3,1,3,1,3,1,1,0,1,0,0,1,Vendor B,1,151.7
550a141f12de6341fba65b0ad0433500,Satisfied,0,0,others,1,3,4,2,4,3,0,0,0,0,0,0,0,Vendor C,3,119.9
555d6702c950ecb729a966504af0a635,Satisfied,1,1,phone,4,2,3,4,3,3,1,0,0,0,1,1,0,Vendor B,2,58.5
556f391937dfd4398cbac35e050a2177,Satisfied,1,1,others,4,3,4,3,4,3,1,0,0,1,0,0,0,Vendor C,4,209.2
55743cc0393b1cb4b8b37d09ae48d097,Satisfied,1,1,others,4,3,2,3,3,3,0,0,0,0,0,0,0,Vendor A,2,180.3
559cb990c9dffd8675f6bc2186971dc2,Satisfied,1,1,others,1,3,2,3,3,2,0,0,0,0,0,0,0,Vendor B,1,183.5
55a7cf9c71f1c9c495413f934dd1a158,Satisfied,1,1,others,5,3,3,3,3,3,1,1,0,1,0,0,1,Vendor C,3,127.8
55b37c5c270e5d84c793e486d798c01d,Unsatisfied,0,0,others,3,3,1,2,5,2,1,1,0,1,0,0,0,Vendor B,1,102.8
5705e1164a8394aace6018e27d20d237,Satisfied,1,1,others,2,3,2,2,4,2,0,1,1,1,0,0,0,Vendor B,1,154.5
5737034557ef5b8c02c0e46513b98f90,Unsatisfied,0,0,others,5,3,1,2,2,3,0,1,0,0,0,0,0,Vendor C,4,90.5
5737c6ec2e0716f3d8a7a5c4e0de0d9a,Satisfied,1,1,phone,4,2,3,3,4,5,0,0,0,0,0,0,0,Vendor A,2,48.9
5751ec3e9a4feab575962e78e006250d,Unsatisfied,0,0,others,2,3,1,2,1,3,0,1,0,0,0,0,1,Vendor C,3,93.9
577bcc914f9e55d5e4e4f82f9f00e7d4,Satisfied,1,1,phone,4,2,2,2,4,3,0,0,0,1,0,0,1,Vendor C,3,43.9
577ef1154f3240ad5b9b413aa7346a1e,Satisfied,1,1,phone,3,2,3,3,4,4,1,1,0,0,0,1,1,Vendor B,1,55.2
57aeee35c98205091e18d1140e9f38cf,Satisfied,1,0,phone,2,2,3,3,3,2,0,0,0,0,0,1,1,Vendor C,1,30.8
5807a685d1a9ab3b599035bc566ce2b9,Satisfied,1,1,others,2,3,2,2,3,2,0,0,0,0,0,0,0,Vendor C,4,183.1
58238e9ae2dd305d79c2ebc8c1883422,Unsatisfied,1,1,phone,3,3,1,2,2,1,0,0,1,0,0,0,0,Vendor B,1,126.8
5878a7ab84fb43402106c575658472fa,Satisfied,1,1,mobile_app,2,2,4,4,2,4,1,0,0,1,1,0,1,Vendor C,3,61.4
58a2fc6ed39fd083f55d4182bf88826d,Unsatisfied,0,0,mobile_app,2,2,3,3,4,3,0,0,0,0,1,0,0,Vendor B,2,53.4
58ae749f25eded36f486bc85feb3f0ab,Satisfied,1,0,others,1,3,2,2,4,3,0,0,1,0,0,0,0,Vendor A,2,128.6
58d4d1e7b1e97b258c9ed0b37e02d087,Satisfied,1,1,others,3,3,3,2,3,3,0,0,1,0,0,0,0,Vendor C,4,54
58e4d44e550d0f7ee0a23d6b02d9b0db,Satisfied,1,1,others,1,3,2,2,1,2,1,0,0,0,0,0,0,Vendor B,1,76.2
598b3e71ec378bd83e0a727608b5db01,Unsatisfied,0,0,others,2,3,2,1,3,2,0,0,0,0,0,0,0,Vendor B,2,90.4
59b90e1005a220e2ebc542eb9d950b1e,Satisfied,1,1,others,4,3,2,3,3,2,0,0,0,0,0,0,0,Vendor B,3,128.4
59c33016884a62116be975a9bb8257e3,Unsatisfied,0,0,others,2,3,2,3,3,2,1,1,0,0,0,0,1,Vendor B,2,97.6
5a4b25aaed25c2ee1b74de72dc03c14e,Unsatisfied,1,1,others,3,3,2,3,2,2,0,0,1,0,0,0,0,Vendor B,1,158
5b69b9cb83065d403869739ae7f0995e,Satisfied,1,1,others,4,3,3,3,4,4,0,0,0,0,0,0,0,Vendor B,2,217.9
5b8add2a5d98b1a652ea7fd72d942dac,Unsatisfied,0,0,phone,3,2,4,3,3,4,1,0,0,0,1,0,0,Vendor A,2,58.5
5c04925674920eb58467fb52ce4ef728,Unsatisfied,1,0,others,3,3,2,2,2,2,0,1,0,1,1,0,0,Vendor A,4,70
5c572eca050594c7bc3c36e7e8ab9550,Satisfied,0,0,others,3,3,1,2,3,3,1,0,1,0,0,0,0,Vendor B,3,81.3
5c936263f3428a40227908d5a3847c0b,Unsatisfied,1,1,others,2,3,2,2,1,2,0,0,0,0,0,0,0,Vendor B,1,102.6
5d44ee6f2c3f71b73125876103c8f6c4,Satisfied,1,1,others,2,3,2,2,2,3,0,0,1,0,0,0,0,Vendor B,3,119
5dd9db5e033da9c6fb5ba83c7a7ebea9,Unsatisfied,0,0,others,4,3,2,2,3,2,0,0,0,0,0,0,0,Vendor B,2,113.9
5e388103a391daabe3de1d76a6739ccd,Satisfied,1,1,others,3,3,3,2,4,3,0,0,0,0,0,0,0,Vendor B,1,66.9
5e9f92a01c986bafcabbafd145520b13,Unsatisfied,1,1,others,5,3,2,2,4,2,0,0,0,1,0,0,0,Vendor B,1,89.6
5ea1649a31336092c05438df996a3e59,Satisfied,1,1,others,3,3,2,1,2,2,0,0,0,0,0,0,0,Vendor A,2,193.5
5ec91aac30eae62f4140325d09b9afd0,Satisfied,0,0,others,2,3,2,3,1,3,1,1,1,1,0,0,0,Vendor B,3,147.3
5ef059938ba799aaa845e1c2e8a762bd,Satisfied,1,1,website,3,2,2,3,4,2,0,0,0,0,0,0,1,Vendor A,2,42.5
5ef0b4eba35ab2d6180b0bca7e46b6f9,Unsatisfied,1,0,others,1,3,2,2,3,3,0,0,0,0,0,0,0,Vendor B,1,107.9
5ef698cd9fe650923ea331c15af3b160,Satisfied,1,1,phone,3,3,2,2,3,3,0,0,0,0,0,0,0,Vendor B,1,148.4
5f0f5e5f33945135b874349cfbed4fb9,Unsatisfied,1,1,others,3,3,1,1,1,2,0,1,0,1,0,0,1,Vendor C,2,69.9
5f2c22cb4a5380af7ca75622a6426917,Satisfied,1,1,others,4,3,2,3,2,3,1,0,0,0,0,0,0,Vendor C,2,126.6
5f93f983524def3dca464469d2cf9f3e,Satisfied,1,1,website,1,2,4,3,4,4,0,0,0,0,0,1,0,Vendor B,1,49.8
5fd0b37cd7dbbb00f97ba6ce92bf5add,Unsatisfied,1,1,website,4,2,4,4,5,3,0,0,1,0,1,0,1,Vendor C,1,48.1
605ff764c617d3cd28dbbdd72be8f9a2,Unsatisfied,1,1,others,5,3,2,4,3,3,0,1,0,0,1,1,1,Vendor C,3,96.8
6081594975a764c8e3a691fa2b3a321d,Satisfied,1,1,others,5,3,3,4,4,3,0,1,1,1,0,0,1,Vendor C,3,121
61b4a64be663682e8cb037d9719ad8cd,Unsatisfied,1,0,others,1,3,2,2,1,2,0,0,1,0,0,0,0,Vendor C,2,44.1
621461af90cadfdaf0e8d4cc25129f91,Satisfied,1,1,others,3,3,3,2,4,3,0,1,1,0,0,0,1,Vendor C,2,135.4
621bf66ddb7c962aa0d22ac97d69b793,Satisfied,1,1,phone,3,2,3,3,5,4,1,0,0,1,0,0,0,Vendor B,2,38.1
632cee946db83e7a52ce5e8d6f0fed35,Unsatisfied,1,1,others,3,3,3,2,3,3,0,1,0,0,1,0,1,Vendor C,1,187
63538fe6ef330c13a05a3ed7e599d5f7,Unsatisfied,0,0,others,3,3,2,3,2,3,0,0,0,0,0,0,0,Vendor A,2,128.8
6364d3f0f495b6ab9dcf8d3b5c6e0b01,Satisfied,1,0,website,3,1,4,4,3,4,0,0,0,0,1,0,1,Vendor C,3,16.4
63923f49e5241343aa7acb6a06a751e7,Unsatisfied,0,0,phone,3,2,3,3,3,3,0,0,0,0,1,0,1,Vendor C,3,34.3
6395ebd0f4b478145ecfbaf939454fa4,Unsatisfied,0,0,others,3,3,2,1,4,2,1,1,1,0,1,0,1,Vendor C,2,143.5
63dc7ed1010d3c3b8269faf0ba7491d4,Satisfied,1,1,mobile_app,1,2,2,2,3,4,0,0,0,0,0,0,1,Vendor B,1,51.1
64223ccf70bbb65a3a4aceac37e21016,Satisfied,1,1,others,1,3,1,3,3,3,0,0,0,1,0,0,0,Vendor A,4,220.5
642e92efb79421734881b53e1e1b18b6,Satisfied,1,1,website,1,1,4,4,1,4,1,0,1,0,1,0,1,Vendor B,1,10.4
647bba344396e7c8170902bcf2e15551,Unsatisfied,1,0,others,1,3,1,1,1,3,0,1,0,0,0,1,1,Vendor A,3,85.3
6512bd43d9caa6e02c990b0a82652dca,Satisfied,1,1,website,3,1,3,3,2,4,0,0,1,1,1,1,1,Vendor C,3,8.5
65658fde58ab3c2b6e5132a39fae7cb9,Unsatisfied,1,1,others,3,3,1,2,1,3,1,0,0,0,0,0,0,Vendor B,2,19.9
65b9eea6e1cc6bb9f0cd2a47751a186f,Satisfied,1,0,website,2,2,3,3,4,4,0,0,1,0,0,0,1,Vendor A,4,57.2
65ded5353c5ee48d0b7d48c591b8f430,Satisfied,1,1,website,3,2,2,3,3,3,0,0,0,0,0,1,0,Vendor B,2,49.4
6602294be910b1e3c4571bd98c4d5484,Satisfied,0,0,others,5,3,3,3,3,4,1,0,0,0,0,0,0,Vendor B,1,185.1
66368270ffd51418ec58bd793f2d9b1b,Unsatisfied,1,1,others,2,3,2,2,1,3,0,0,0,0,0,0,0,Vendor B,2,47.4
66808e327dc79d135ba18e051673d906,Satisfied,1,1,others,2,3,3,3,2,4,0,0,0,0,0,0,0,Vendor B,3,197.9
66f041e16a60928b05a7e228a89c3799,Satisfied,1,1,website,5,1,4,4,2,3,0,0,0,0,1,1,1,Vendor B,3,9.9
670e8a43b246801ca1eaca97b3e19189,Unsatisfied,0,0,others,2,3,2,2,2,1,0,0,0,0,0,0,0,Vendor B,1,65.3
6766aa2750c19aad2fa1b32f36ed4aee,Satisfied,0,0,others,1,3,1,2,5,2,1,0,0,0,0,0,0,Vendor C,3,109.8
677e09724f0e2df9b6c000b75b5da10d,Satisfied,1,1,others,3,3,2,2,3,3,1,1,0,0,0,0,0,Vendor B,2,122.8
67c6a1e7ce56d3d6fa748ab6d9af3fd7,Satisfied,1,1,website,5,1,4,4,4,4,0,0,0,0,0,1,1,Vendor C,2,14.6
67d16d00201083a2b118dd5128dd6f59,Satisfied,0,0,others,3,3,3,2,4,2,1,1,1,0,0,0,0,Vendor B,1,85.7
67d96d458abdef21792e6d8e590244e7,Satisfied,1,1,others,3,3,2,4,4,3,0,0,0,0,0,0,0,Vendor A,2,141.9
67e103b0761e60683e83c559be18d40c,Unsatisfied,1,1,others,5,3,2,3,2,4,0,1,0,0,0,0,0,Vendor B,1,143.6
67f7fb873eaf29526a11a9b7ac33bfac,Unsatisfied,1,1,others,3,3,2,3,2,3,0,1,0,0,1,0,1,Vendor C,1,131.4
68053af2923e00204c3ca7c6a3150cf7,Satisfied,1,1,others,3,3,1,1,3,2,1,0,0,0,0,0,0,Vendor C,3,5.9
68264bdb65b97eeae6788aa3348e553c,Satisfied,1,1,others,2,3,2,2,2,1,0,0,0,0,0,0,0,Vendor C,2,126.1
6855456e2fe46a9d49d3d3af4f57443d,Satisfied,1,1,phone,5,3,3,4,2,2,0,0,0,0,0,0,0,Vendor A,2,157.9
6883966fd8f918a4aa29be29d2c386fb,Satisfied,1,0,phone,3,2,2,3,3,3,0,0,0,0,0,0,0,Vendor B,1,45.1
68ce199ec2c5517597ce0a4d89620f55,Unsatisfied,1,1,others,3,3,1,3,2,1,0,0,0,0,0,0,0,Vendor B,1,125.4
68d30a9594728bc39aa24be94b319d21,Satisfied,0,0,website,3,2,3,3,1,4,0,0,0,0,0,0,1,Vendor B,2,46.5
692f93be8c7a41525c0baf2076aecfb4,Satisfied,1,1,others,4,3,3,2,2,3,0,0,0,1,0,0,0,Vendor C,3,79.3
69421f032498c97020180038fddb8e24,Unsatisfied,1,1,others,4,3,3,3,3,4,0,0,0,0,0,0,0,Vendor B,2,76.2
6974ce5ac660610b44d9b9fed0ff9548,Satisfied,1,1,website,4,2,3,4,1,4,0,0,0,0,0,0,1,Vendor C,2,60.6
698d51a19d8a121ce581499d7b701668,Satisfied,1,1,website,3,2,4,4,3,4,0,0,0,0,0,0,0,Vendor C,3,38.5
69adc1e107f7f7d035d7baf04342e1ca,Unsatisfied,1,1,mobile_app,3,2,2,2,2,3,1,1,0,1,1,0,1,Vendor B,1,39.7
69cb3ea317a32c4e6143e665fdb20b14,Satisfied,1,1,others,4,3,2,3,1,2,0,0,1,1,0,0,0,Vendor A,3,138.1
6a10bbd480e4c5573d8f3af73ae0454b,Unsatisfied,0,0,others,4,3,3,3,3,2,0,0,0,0,0,0,0,Vendor B,2,114
6a9aeddfc689c1d0e3b9ccc3ab651bc5,Satisfied,1,1,phone,4,2,3,4,5,3,0,1,0,0,1,1,1,Vendor B,2,43.8
6aab1270668d8cac7cef2566a1c5f569,Unsatisfied,0,0,others,5,3,3,2,3,4,0,0,0,0,0,0,0,Vendor B,2,173.4
6aca97005c68f1206823815f66102863,Satisfied,1,1,others,3,3,1,3,3,3,0,0,0,0,0,0,0,Vendor C,3,78
6bc24fc1ab650b25b4114e93a98f1eba,Satisfied,1,1,others,2,3,2,3,3,3,1,1,1,1,1,1,1,Vendor C,3,119.6
6c29793a140a811d0c45ce03c1c93a28,Satisfied,1,1,others,4,3,3,3,3,3,0,1,1,0,0,0,1,Vendor A,3,125.1
6c3cf77d52820cd0fe646d38bc2145ca,Unsatisfied,0,0,others,1,3,1,2,3,2,0,0,0,0,0,0,0,Vendor A,2,188
6c4b761a28b734fe93831e3fb400ce87,Unsatisfied,1,1,mobile_app,1,2,3,2,4,4,0,1,0,0,1,0,1,Vendor B,1,56.4
6c524f9d5d7027454a783c841250ba71,Unsatisfied,1,1,phone,4,3,1,2,2,1,0,0,0,0,0,0,0,Vendor B,2,93.8
6c8349cc7260ae62e3b1396831a8398f,Satisfied,1,1,website,4,1,3,3,1,4,1,0,0,0,0,1,1,Vendor C,1,7
6c9882bbac1c7093bd25041881277658,Unsatisfied,0,0,phone,3,2,3,3,4,3,0,0,0,0,1,0,0,Vendor A,2,50.1
6cd67d9b6f0150c77bda2eda01ae484c,Satisfied,0,0,others,1,3,1,2,3,1,1,0,1,0,0,0,0,Vendor C,1,125.6
6cdd60ea0045eb7a6ec44c54d29ed402,Unsatisfied,1,1,mobile_app,3,2,4,3,2,4,0,0,1,0,1,1,0,Vendor B,1,45.9
6cfe0e6127fa25df2a0ef2ae1067d915,Unsatisfied,1,1,others,1,3,1,1,4,1,0,0,0,0,0,0,0,Vendor B,1,41.3
6d0f846348a856321729a2f36734d1a7,Satisfied,1,0,others,4,3,3,3,4,4,1,0,0,0,0,0,0,Vendor B,2,134.9
6da37dd3139aa4d9aa55b8d237ec5d4a,Satisfied,1,1,phone,3,2,4,4,4,3,0,1,0,1,0,0,1,Vendor C,2,47.9
6da9003b743b65f4c0ccd295cc484e57,Satisfied,1,1,phone,3,2,4,4,3,3,0,0,0,0,0,1,0,Vendor A,2,52.7
6e0721b2c6977135b916ef286bcb49ec,Satisfied,0,0,others,2,3,2,2,1,3,1,0,1,0,0,0,0,Vendor C,4,140.8
6e2713a6efee97bacb63e52c54f0ada0,Unsatisfied,1,1,others,4,3,2,3,2,3,0,1,1,1,1,0,0,Vendor A,2,59.3
6e7b33fdea3adc80ebd648fffb665bb8,Satisfied,1,0,others,4,3,3,3,3,3,1,1,1,1,0,1,0,Vendor C,3,110
6ea2ef7311b482724a9b7b0bc0dd85c6,Unsatisfied,1,1,others,2,3,1,2,2,3,1,1,1,1,0,1,0,Vendor B,1,9.4
6ea9ab1baa0efb9e19094440c317e21b,Unsatisfied,0,0,website,2,1,3,3,4,3,0,0,0,0,1,1,1,Vendor A,2,15.1
6ecbdd6ec859d284dc13885a37ce8d81,Satisfied,1,1,others,5,3,3,3,2,3,1,1,0,0,0,0,0,Vendor A,2,69.2
6f2268bd1d3d3ebaabb04d6b5d099425,Unsatisfied,0,0,others,2,3,2,3,2,2,0,0,0,0,0,0,0,Vendor A,2,131
6f3ef77ac0e3619e98159e9b6febf557,Satisfied,1,1,mobile_app,3,2,4,3,3,2,1,0,0,0,1,0,0,Vendor A,2,52.8
6f4922f45568161a8cdf4ad2299f6d23,Satisfied,1,1,website,1,1,3,3,2,2,0,1,1,0,1,1,1,Vendor C,3,17
6faa8040da20ef399b63a72d0e4ab575,Unsatisfied,0,0,phone,3,2,3,2,1,4,1,1,1,1,1,0,1,Vendor B,1,38.6
704afe073992cbe4813cae2f7715336f,Satisfied,1,0,others,3,3,2,2,3,3,1,0,0,0,0,0,0,Vendor C,2,104.8
705f2172834666788607efbfca35afb3,Satisfied,1,1,phone,4,2,2,3,4,2,0,0,0,0,0,0,1,Vendor B,1,39.9
70c639df5e30bdee440e4cdf599fec2b,Satisfied,1,1,others,3,3,3,3,3,2,1,0,0,0,0,0,0,Vendor A,2,204.7
70efdf2ec9b086079795c442636b55fb,Satisfied,1,1,website,1,1,2,4,2,3,0,0,0,0,1,1,1,Vendor C,3,9.2
7143d7fbadfa4693b9eec507d9d37443,Unsatisfied,0,0,others,2,3,2,1,1,1,0,0,1,0,0,0,0,Vendor A,2,75.3
71a3cb155f8dc89bf3d0365288219936,Satisfied,1,1,others,4,3,2,3,4,3,1,1,1,1,0,1,0,Vendor A,3,98.9
71ad16ad2c4d81f348082ff6c4b20768,Satisfied,1,1,others,5,3,3,3,4,3,1,1,0,0,0,0,1,Vendor A,2,88.9
7250eb93b3c18cc9daa29cf58af7a004,Unsatisfied,1,1,others,2,3,2,1,3,2,0,0,0,0,0,0,0,Vendor C,2,97.8
72b32a1f754ba1c09b3695e0cb6cde7f,Satisfied,0,0,website,5,1,5,4,3,4,1,0,1,0,1,0,1,Vendor B,2,11.7
72da7fd6d1302c0a159f6436d01e9eb0,Satisfied,0,0,others,3,3,2,2,3,4,1,0,0,0,0,0,0,Vendor B,3,103.3
73278a4a86960eeb576a8fd4c9ec6997,Satisfied,1,1,website,3,2,3,3,4,3,1,0,1,0,0,0,0,Vendor B,3,53.4
735b90b4568125ed6c3f678819b6e058,Satisfied,1,1,website,2,1,3,3,5,3,0,1,1,0,1,1,1,Vendor A,2,10.5
7380ad8a673226ae47fce7bff88e9c33,Unsatisfied,1,1,others,5,3,2,2,4,2,0,1,0,0,0,0,1,Vendor C,1,122.5
74071a673307ca7459bcf75fbd024e09,Satisfied,1,1,others,3,3,3,2,3,2,1,1,1,1,0,1,1,Vendor B,2,72.1
74bba22728b6185eec06286af6bec36d,Unsatisfied,0,0,others,2,3,1,2,3,2,1,1,0,1,0,0,1,Vendor B,3,50.7
74db120f0a8e5646ef5a30154e9f6deb,Satisfied,1,1,phone,4,2,3,3,2,2,0,0,0,0,0,0,1,Vendor C,1,51.5
7504adad8bb96320eb3afdd4df6e1f60,Satisfied,1,1,others,5,3,3,2,3,2,1,0,0,0,0,0,0,Vendor A,4,88.8
757b505cfd34c64c85ca5b5690ee5293,Satisfied,1,1,mobile_app,1,2,4,4,1,3,1,1,1,1,1,0,1,Vendor A,4,47.3
758874998f5bd0c393da094e1967a72b,Unsatisfied,0,0,phone,2,2,3,2,3,3,0,1,1,1,1,0,1,Vendor B,2,46.1
75fc093c0ee742f6dddaa13fff98f104,Unsatisfied,1,1,others,4,3,2,2,2,2,0,1,0,1,0,1,0,Vendor B,2,81.3
7634ea65a4e6d9041cfd3f7de18e334a,Unsatisfied,0,0,others,1,3,2,2,4,3,0,0,1,0,0,0,0,Vendor C,3,105.7
7647966b7343c29048673252e490f736,Satisfied,1,1,website,3,2,3,4,4,5,1,0,0,0,1,0,1,Vendor B,1,52.8
766ebcd59621e305170616ba3d3dac32,Unsatisfied,0,0,others,2,3,1,3,4,3,1,1,0,1,0,1,0,Vendor B,1,53.7
76dc611d6ebaafc66cc0879c71b5db5c,Satisfied,1,1,website,2,2,4,4,4,4,0,0,0,0,0,1,0,Vendor A,3,49.7
7750ca3559e5b8e1f44210283368fc16,Satisfied,1,1,others,5,3,3,2,3,4,0,0,0,0,0,0,0,Vendor C,1,169.3
788d986905533aba051261497ecffcbb,Satisfied,1,1,others,4,3,3,3,2,3,1,0,0,0,0,0,0,Vendor B,1,114
795c7a7a5ec6b460ec00c5841019b9e9,Unsatisfied,1,1,others,2,3,1,1,1,4,0,0,0,0,0,0,0,Vendor A,2,102.4
7a53928fa4dd31e82c6ef826f341daec,Satisfied,1,1,others,3,3,3,2,4,3,1,1,1,0,0,0,0,Vendor C,3,99.8
7a614fd06c325499f1680b9896beedeb,Satisfied,1,1,phone,3,2,3,2,2,3,0,0,0,0,0,0,1,Vendor A,3,51.3
7b13b2203029ed80337f27127a9f1d28,Unsatisfied,1,1,others,2,3,2,3,2,3,0,0,0,0,0,0,0,Vendor A,2,92.3
7bcdf75ad237b8e02e301f4091fb6bc8,Unsatisfied,1,1,others,2,3,1,2,1,2,0,1,0,0,0,0,0,Vendor C,3,82.8
7c590f01490190db0ed02a5070e20f01,Satisfied,1,1,others,3,3,2,2,3,3,0,1,0,0,0,0,1,Vendor A,4,87.6
7cbbc409ec990f19c78c75bd1e06f215,Satisfied,1,1,website,3,1,4,4,4,2,0,0,1,0,1,0,1,Vendor B,3,8.2
7ce3284b743aefde80ffd9aec500e085,Satisfied,1,0,others,4,3,3,2,2,3,1,1,0,1,0,0,0,Vendor B,1,109.4
7d04bbbe5494ae9d2f5a76aa1c00fa2f,Unsatisfied,1,1,others,5,3,2,2,3,2,0,1,0,1,1,0,1,Vendor B,2,231.2
7dcd340d84f762eba80aa538b0c527f7,Satisfied,1,1,others,3,3,3,2,3,3,0,0,0,0,0,0,0,Vendor B,1,99.5
7e7757b1e12abcb736ab9a754ffb617a,Satisfied,1,0,mobile_app,2,2,3,4,2,3,1,1,0,0,0,0,1,Vendor B,2,42
7eabe3a1649ffa2b3ff8c02ebfd5659f,Satisfied,1,0,mobile_app,2,2,3,4,3,4,0,0,1,0,0,0,1,Vendor A,4,47.6
7eacb532570ff6858afd2723755ff790,Satisfied,1,1,others,2,3,2,2,5,3,0,0,1,0,0,0,0,Vendor B,1,190.3
7ef605fc8dba5425d6965fbd4c8fbe1f,Satisfied,0,0,mobile_app,3,2,4,4,4,5,0,0,0,0,0,1,1,Vendor C,1,45.4
7f100b7b36092fb9b06dfb4fac360931,Unsatisfied,1,1,phone,4,2,3,3,4,4,0,0,0,0,1,0,1,Vendor A,2,60.7
7f1171a78ce0780a2142a6eb7bc4f3c8,Satisfied,1,1,others,5,3,3,3,5,3,0,1,1,1,0,0,1,Vendor B,1,152.5
7f1de29e6da19d22b51c68001e7e0e54,Satisfied,1,1,mobile_app,3,2,2,4,4,3,0,0,0,0,0,0,1,Vendor B,3,31.6
7f24d240521d99071c93af3917215ef7,Satisfied,1,1,others,1,3,2,2,2,3,1,0,0,0,0,0,0,Vendor A,3,58
7f39f8317fbdb1988ef4c628eba02591,Satisfied,1,1,website,2,1,4,4,3,4,1,1,0,0,1,1,1,Vendor A,2,7.8
7f5d04d189dfb634e6a85bb9d9adf21e,Unsatisfied,0,0,others,3,3,1,3,3,2,0,0,0,0,0,0,0,Vendor B,1,68.6
7f6ffaa6bb0b408017b62254211691b5,Unsatisfied,1,1,website,2,2,3,3,1,3,0,0,0,1,1,1,1,Vendor C,2,40
7fa732b517cbed14a48843d74526c11a,Unsatisfied,1,0,others,4,3,2,3,2,2,0,1,0,1,1,0,1,Vendor A,2,217.1
7fe1f8abaad094e0b5cb1b01d712f708,Unsatisfied,1,1,others,4,3,1,1,3,2,0,0,0,0,0,0,0,Vendor B,3,18.1
8065d07da4a77621450aa84fee5656d9,Satisfied,0,0,others,2,3,2,3,2,2,1,0,1,1,0,0,0,Vendor B,1,177.7
812b4ba287f5ee0bc9d43bbf5bbe87fb,Unsatisfied,0,0,website,2,2,3,3,3,3,0,1,1,0,1,1,1,Vendor A,2,39.9
81448138f5f163ccdba4acc69819f280,Satisfied,1,1,others,3,3,2,3,2,4,0,0,0,0,0,0,0,Vendor B,2,186.5
816b112c6105b3ebd537828a39af4818,Unsatisfied,0,0,others,3,3,3,2,2,3,0,0,0,0,0,0,0,Vendor B,1,117.9
819f46e52c25763a55cc642422644317,Satisfied,1,1,phone,2,3,3,2,3,4,1,1,1,1,0,1,0,Vendor C,1,142.2
81e74d678581a3bb7a720b019f4f1a93,Unsatisfied,1,1,others,1,3,4,3,3,2,0,1,1,1,1,1,1,Vendor B,1,214.5
82161242827b703e6acf9c726942a1e4,Satisfied,1,1,mobile_app,3,2,4,3,4,4,0,0,0,1,0,1,1,Vendor A,2,51.1
821fa74b50ba3f7cba1e6c53e8fa6845,Unsatisfied,1,1,others,3,3,1,2,4,2,0,0,0,1,0,0,0,Vendor A,2,70.8
82489c9737cc245530c7a6ebef3753ec,Satisfied,1,1,others,5,3,2,2,2,3,1,1,1,1,0,1,1,Vendor B,2,205
82aa4b0af34c2313a562076992e50aa3,Satisfied,1,1,mobile_app,3,2,3,3,2,3,0,0,0,0,0,0,0,Vendor C,3,38.4
82cec96096d4281b7c95cd7e74623496,Satisfied,1,1,phone,4,3,3,3,2,3,0,0,0,0,0,0,0,Vendor B,2,264
82f2b308c3b01637c607ce05f52a2fed,Unsatisfied,0,0,others,4,3,1,3,4,2,0,1,0,0,0,0,0,Vendor C,3,139.2
839ab46820b524afda05122893c2fe8e,Unsatisfied,0,0,phone,2,2,3,4,3,3,1,1,1,1,1,0,1,Vendor B,1,42.5
84117275be999ff55a987b9381e01f96,Unsatisfied,1,1,others,4,3,3,2,2,4,0,0,0,0,0,0,0,Vendor B,2,97.7
846c260d715e5b854ffad5f70a516c88,Satisfied,1,1,others,5,3,3,2,4,2,1,1,0,0,1,0,1,Vendor C,4,122.7
847cc55b7032108eee6dd897f3bca8a5,Satisfied,1,1,others,4,3,2,2,2,2,0,0,0,0,0,0,0,Vendor C,3,75.9
84d9ee44e457ddef7f2c4f25dc8fa865,Satisfied,1,1,mobile_app,3,2,4,3,5,1,0,0,0,0,0,0,0,Vendor C,1,54.5
84f7e69969dea92a925508f7c1f9579a,Satisfied,1,1,others,5,3,3,3,3,3,0,1,1,0,0,0,0,Vendor A,2,124.9
851ddf5058cf22df63d3344ad89919cf,Satisfied,1,1,others,3,3,3,3,2,2,0,0,0,0,0,0,0,Vendor B,1,159.7
85422afb467e9456013a2a51d4dff702,Unsatisfied,1,1,others,4,3,1,2,3,2,0,1,1,1,1,0,0,Vendor C,2,84
854d6fae5ee42911677c739ee1734486,Satisfied,1,1,mobile_app,3,2,4,4,3,3,0,0,0,0,0,0,0,Vendor C,1,60.6
854d9fca60b4bd07f9bb215d59ef5561,Unsatisfied,0,0,others,1,3,1,2,2,2,0,0,0,0,0,0,0,Vendor A,2,217.7
85d8ce590ad8981ca2c8286f79f59954,Unsatisfied,1,1,mobile_app,4,2,3,3,2,3,0,1,0,0,1,1,1,Vendor A,2,25
85fc37b18c57097425b52fc7afbb6969,Satisfied,0,0,others,2,3,3,2,2,2,0,0,0,0,0,0,0,Vendor B,3,129.7
860320be12a1c050cd7731794e231bd3,Satisfied,1,1,others,4,3,3,3,4,3,1,0,1,0,0,0,0,Vendor A,3,166.7
8613985ec49eb8f757ae6439e879bb2a,Satisfied,1,1,website,4,2,3,4,3,3,0,1,1,1,1,1,1,Vendor B,3,61.3
86b122d4358357d834a87ce618a55de0,Unsatisfied,0,0,others,4,3,2,3,3,3,0,1,1,1,1,1,1,Vendor B,1,125
872488f88d1b2db54d55bc8bba2fad1b,Satisfied,1,1,others,3,3,3,2,1,3,1,1,0,0,0,0,1,Vendor A,4,69.3
8757150decbd89b0f5442ca3db4d0e0e,Unsatisfied,0,0,others,3,3,3,3,3,3,0,0,0,0,0,0,0,Vendor A,2,205.8
877a9ba7a98f75b90a9d49f53f15a858,Unsatisfied,0,0,others,4,3,3,2,4,2,0,0,0,0,0,0,0,Vendor B,1,160.7
884d247c6f65a96a7da4d1105d584ddd,Unsatisfied,0,0,others,3,3,2,3,3,3,0,0,0,0,0,0,0,Vendor C,1,120.7
88ae6372cfdc5df69a976e893f4d554b,Satisfied,1,0,others,5,3,3,2,3,3,1,1,1,1,0,0,1,Vendor C,4,126.8
892c91e0a653ba19df81a90f89d99bcd,Unsatisfied,1,1,others,3,3,2,2,4,2,0,1,0,0,1,0,1,Vendor C,3,170.4
89f0fd5c927d466d6ec9a21b9ac34ffa,Satisfied,1,1,phone,4,2,2,3,4,2,1,0,1,1,1,0,0,Vendor A,2,38
89fcd07f20b6785b92134bd6c1d0fa42,Satisfied,1,0,others,5,3,3,2,3,3,0,0,0,0,0,0,0,Vendor B,3,107.5
8a0e1141fd37fa5b98d5bb769ba1a7cc,Satisfied,1,1,others,4,3,3,2,5,3,1,0,0,0,0,0,0,Vendor A,2,146.2
8b16ebc056e613024c057be590b542eb,Satisfied,1,1,others,2,3,3,3,2,2,0,0,1,1,0,0,0,Vendor B,2,130.2
8b5040a8a5baf3e0e67386c2e3a9b903,Satisfied,1,1,others,3,3,2,3,4,3,0,0,0,0,0,0,0,Vendor B,2,126.2
8b6dd7db9af49e67306feb59a8bdc52c,Satisfied,1,1,others,3,3,2,3,2,3,0,0,0,0,0,0,0,Vendor A,4,233.4
8bf1211fd4b7b94528899de0a43b9fb3,Satisfied,1,1,others,2,3,3,2,4,2,0,1,0,1,0,0,1,Vendor B,1,186
8c19f571e251e61cb8dd3612f26d5ecf,Satisfied,0,0,phone,4,2,3,3,2,3,0,0,0,0,0,0,1,Vendor B,1,50.9
8c235f89a8143a28a1d6067e959dd858,Satisfied,1,1,others,2,3,2,3,2,3,1,0,0,1,0,0,0,Vendor A,2,128.8
8c6744c9d42ec2cb9e8885b54ff744d0,Unsatisfied,0,0,others,1,3,2,1,3,2,0,0,0,0,0,0,0,Vendor B,1,141.8
8c7bbbba95c1025975e548cee86dfadc,Satisfied,1,1,others,2,3,2,2,3,2,0,0,0,0,0,0,0,Vendor A,3,80.9
8cb22bdd0b7ba1ab13d742e22eed8da2,Unsatisfied,1,1,others,4,3,2,3,2,2,0,0,0,1,0,0,0,Vendor C,2,111.4
8d317bdcf4aafcfc22149d77babee96d,Satisfied,1,1,others,2,3,3,2,4,2,1,0,0,0,0,0,0,Vendor A,2,55.6
8d34201a5b85900908db6cae92723617,Unsatisfied,1,1,others,1,3,2,1,3,2,0,0,0,0,0,0,0,Vendor C,1,131
8d3bba7425e7c98c50f52ca1b52d3735,Satisfied,1,1,phone,4,2,4,3,4,3,0,0,0,0,0,0,1,Vendor C,1,46.9
8d5e957f297893487bd98fa830fa6413,Satisfied,1,1,mobile_app,3,2,3,5,1,3,1,1,1,1,1,0,1,Vendor C,2,38
8d6dc35e506fc23349dd10ee68dabb64,Satisfied,1,1,others,4,3,3,3,4,2,1,0,0,0,0,0,0,Vendor A,4,108.6
8d7d8ee069cb0cbbf816bbb65d56947e,Satisfied,1,1,others,3,3,2,2,2,1,0,0,0,1,0,0,0,Vendor C,3,133.4
8dd48d6a2e2cad213179a3992c0be53c,Satisfied,1,1,phone,4,3,4,3,5,2,0,0,0,0,0,0,0,Vendor C,2,159.9
8df707a948fac1b4a0f97aa554886ec8,Satisfied,1,1,others,4,3,2,2,2,4,1,0,0,0,0,0,0,Vendor B,1,119.2
8e296a067a37563370ded05f5a3bf3ec,Satisfied,1,1,website,4,1,4,4,4,4,1,0,0,0,1,0,1,Vendor B,3,9.1
8e6b42f1644ecb1327dc03ab345e618b,Unsatisfied,0,0,others,5,3,3,3,1,2,1,1,0,0,1,0,1,Vendor B,2,176.5
8e82ab7243b7c66d768f1b8ce1c967eb,Unsatisfied,0,0,others,4,3,2,2,3,2,0,0,0,0,0,0,0,Vendor B,1,96.9
8e98d81f8217304975ccb23337bb5761,Unsatisfied,0,0,phone,3,2,4,3,4,4,1,0,0,0,1,1,1,Vendor B,1,49.5
8ebda540cbcc4d7336496819a46a1b68,Unsatisfied,1,1,others,5,3,1,3,3,2,0,0,0,0,0,0,0,Vendor B,1,173.8
8eefcfdf5990e441f0fb6f3fad709e21,Unsatisfied,0,0,others,2,3,2,2,3,2,0,0,0,0,0,0,0,Vendor A,4,87
8efb100a295c0c690931222ff4467bb8,Satisfied,1,1,others,3,3,1,3,4,3,1,0,1,0,0,0,0,Vendor C,3,70.6
8f121ce07d74717e0b1f21d122e04521,Unsatisfied,0,0,phone,3,2,4,3,3,3,1,0,0,1,1,0,1,Vendor B,1,51.9
8f14e45fceea167a5a36dedd4bea2543,Satisfied,1,1,website,4,1,4,5,4,3,0,0,1,1,1,0,1,Vendor A,2,12.3
8f468c873a32bb0619eaeb2050ba45d1,Satisfied,1,1,others,2,3,2,2,2,4,1,0,0,1,0,0,0,Vendor C,4,135.2
8f53295a73878494e9bc8dd6c3c7104f,Satisfied,1,1,mobile_app,3,2,3,2,2,3,1,1,0,0,0,0,1,Vendor B,1,50.9
8f7d807e1f53eff5f9efbe5cb81090fb,Unsatisfied,1,1,others,5,3,3,2,1,3,1,1,1,1,1,0,0,Vendor B,2,187.3
8f85517967795eeef66c225f7883bdcb,Satisfied,1,1,mobile_app,4,2,4,3,1,4,1,1,0,0,1,0,1,Vendor A,2,60.4
8fe0093bb30d6f8c31474bd0764e6ac0,Satisfied,1,1,others,2,3,3,3,3,2,0,0,0,0,0,0,0,Vendor B,2,121.6
8fecb20817b3847419bb3de39a609afe,Satisfied,1,1,others,3,3,3,2,1,3,0,0,0,0,0,0,0,Vendor B,1,172.5
903ce9225fca3e988c2af215d4e544d3,Unsatisfied,0,0,mobile_app,2,2,4,3,5,4,0,1,0,1,1,0,1,Vendor A,2,48.3
90794e3b050f815354e3e29e977a88ab,Satisfied,1,1,others,4,3,3,2,3,3,1,0,0,0,0,0,0,Vendor C,1,93.8
912d2b1c7b2826caf99687388d2e8f7c,Satisfied,1,1,others,4,3,2,2,3,3,0,0,0,0,0,0,0,Vendor B,1,107.4
918317b57931b6b7a7d29490fe5ec9f9,Satisfied,1,1,phone,5,2,4,3,4,4,0,0,0,0,0,1,1,Vendor B,2,51.7
9188905e74c28e489b44e954ec0b9bca,Satisfied,0,1,phone,4,2,4,4,3,3,0,0,0,0,0,0,1,Vendor B,1,56.9
92262bf907af914b95a0fc33c3f33bf6,Unsatisfied,0,0,others,2,3,4,2,2,2,0,0,0,0,0,0,0,Vendor C,3,82.3
9232fe81225bcaef853ae32870a2b0fe,Satisfied,1,1,others,2,3,3,2,3,2,1,0,0,0,0,0,0,Vendor C,3,49.8
92977ae4d2ba21425a59afb269c2a14e,Unsatisfied,1,1,others,2,3,1,1,3,2,0,1,0,1,1,0,1,Vendor C,1,85.6
92c8c96e4c37100777c7190b76d28233,Satisfied,1,0,phone,4,2,2,4,3,4,0,0,0,0,0,0,1,Vendor B,3,43.9
92cc227532d17e56e07902b254dfad10,Unsatisfied,1,0,website,2,2,2,3,1,2,0,1,1,0,1,0,1,Vendor B,2,36.9
92fb0c6d1758261f10d052e6e2c1123c,Satisfied,1,0,others,3,3,2,2,2,3,1,1,0,0,0,0,0,Vendor B,1,70
934815ad542a4a7c5e8a2dfa04fea9f5,Unsatisfied,0,0,others,2,3,1,3,1,2,1,1,0,0,0,0,1,Vendor B,1,111.7
93db85ed909c13838ff95ccfa94cebd9,Unsatisfied,1,1,website,2,2,3,2,2,2,0,0,1,0,1,1,1,Vendor B,2,27.1
941e1aaaba585b952b62c14a3a175a61,Unsatisfied,0,0,others,1,3,2,2,4,2,0,0,0,0,0,0,0,Vendor B,2,121.6
9431c87f273e507e6040fcb07dcb4509,Satisfied,1,1,others,1,3,3,2,4,2,1,0,1,1,0,0,0,Vendor A,2,130.2
9461cce28ebe3e76fb4b931c35a169b0,Unsatisfied,1,0,others,2,3,2,2,3,3,0,0,0,0,0,0,0,Vendor A,2,137.6
94c7bb58efc3b337800875b5d382a072,Unsatisfied,0,0,others,5,3,2,2,4,2,0,0,0,0,0,0,0,Vendor C,2,38.1
94f6d7e04a4d452035300f18b984988c,Unsatisfied,1,1,phone,5,2,4,3,3,3,0,0,0,0,1,0,0,Vendor B,1,45.2
950a4152c2b4aa3ad78bdd6b366cc179,Satisfied,1,1,phone,4,2,3,4,4,2,1,0,0,1,0,0,1,Vendor B,1,56.9
959a557f5f6beb411fd954f3f34b21c3,Satisfied,1,1,others,3,3,3,3,3,4,0,0,0,0,0,0,0,Vendor B,1,181.8
96b9bff013acedfb1d140579e2fbeb63,Unsatisfied,1,1,others,2,3,1,1,2,2,1,0,0,0,0,0,0,Vendor B,2,27.4
96da2f590cd7246bbde0051047b0d6f7,Satisfied,1,1,mobile_app,1,2,4,4,4,3,1,1,1,0,0,0,1,Vendor C,1,65.9
96ea64f3a1aa2fd00c72faacf0cb8ac9,Unsatisfied,0,0,others,2,3,2,2,3,3,0,1,1,1,1,0,1,Vendor A,2,150.5
9766527f2b5d3e95d4a733fcfb77bd7e,Unsatisfied,0,0,mobile_app,2,2,3,2,1,2,0,0,0,0,1,0,1,Vendor B,3,45.2
9778d5d219c5080b9a6a17bef029331c,Satisfied,1,1,website,3,2,3,2,2,3,1,0,1,0,0,1,1,Vendor B,1,43.6
979d472a84804b9f647bc185a877a8b5,Satisfied,1,1,mobile_app,2,2,5,3,2,3,0,1,1,1,1,1,1,Vendor C,3,50.1
97e8527feaf77a97fc38f34216141515,Satisfied,1,1,others,5,3,3,3,3,4,1,0,0,0,0,0,0,Vendor A,2,266.2
9872ed9fc22fc182d371c3e9ed316094,Satisfied,1,1,mobile_app,2,2,2,3,3,2,0,0,0,0,0,1,0,Vendor C,4,43.1
98b297950041a42470269d56260243a1,Satisfied,1,1,others,5,3,4,3,4,3,0,0,0,0,0,0,0,Vendor B,1,166
98d6f58ab0dafbb86b083a001561bb34,Satisfied,1,1,others,3,3,3,2,4,4,0,0,0,0,0,0,0,Vendor B,3,142.9
98dce83da57b0395e163467c9dae521b,Satisfied,1,1,website,4,2,4,3,2,4,1,0,0,0,1,1,0,Vendor C,4,56.4
98f13708210194c475687be6106a3b84,Satisfied,0,0,website,3,1,5,4,4,4,1,0,1,0,1,1,1,Vendor B,2,8.7
9908279ebbf1f9b250ba689db6a0222b,Unsatisfied,0,0,others,3,3,2,3,3,2,0,1,1,1,0,0,0,Vendor B,3,99.8
996a7fa078cc36c46d02f9af3bef918b,Satisfied,1,1,others,4,3,3,3,4,2,1,0,0,0,0,0,0,Vendor A,4,125.4
99bcfcd754a98ce89cb86f73acc04645,Satisfied,1,1,others,2,3,2,2,1,3,0,0,1,1,0,0,0,Vendor B,2,191.9
99c5e07b4d5de9d18c350cdf64c5aa3d,Satisfied,1,1,others,1,3,3,2,1,3,0,0,0,0,0,0,0,Vendor C,1,168.5
9a1158154dfa42caddbd0694a4e9bdc8,Satisfied,1,1,website,4,1,3,4,4,3,1,1,0,0,1,0,1,Vendor B,1,12.5
9a96876e2f8f3dc4f3cf45f02c61c0c1,Satisfied,1,1,others,1,3,2,2,3,2,1,0,0,0,0,0,0,Vendor A,2,94.9
9ab0d88431732957a618d4a469a0d4c3,Satisfied,0,0,others,5,3,3,2,2,3,0,0,0,0,0,0,0,Vendor B,3,160.4
9ad6aaed513b73148b7d49f70afcfb32,Satisfied,1,1,others,2,3,2,2,2,3,1,0,0,0,0,0,0,Vendor B,3,106.3
9b04d152845ec0a378394003c96da594,Unsatisfied,1,1,phone,3,2,3,2,4,3,0,0,0,0,1,0,1,Vendor C,1,49.5
9b698eb3105bd82528f23d0c92dedfc0,Satisfied,1,1,others,4,3,2,3,3,2,0,0,0,0,0,0,0,Vendor A,2,201.2
9b70e8fe62e40c570a322f1b0b659098,Unsatisfied,0,0,others,1,3,2,3,3,3,0,0,0,0,0,0,0,Vendor C,1,120.2
9b72e31dac81715466cd580a448cf823,Satisfied,1,1,others,2,3,2,2,3,2,1,1,0,0,0,1,1,Vendor B,1,136.9
9b8619251a19057cff70779273e95aa6,Satisfied,0,0,website,3,2,4,4,3,4,0,0,1,0,0,0,1,Vendor B,3,42.1
9be40cee5b0eee1462c82c6964087ff9,Satisfied,1,0,phone,3,3,2,3,2,2,0,1,1,0,0,0,0,Vendor C,3,127
9bf31c7ff062936a96d3c8bd1f8f2ff3,Unsatisfied,0,0,website,2,1,3,2,1,2,0,1,1,0,1,1,1,Vendor A,4,7.7
9c01802ddb981e6bcfbec0f0516b8e35,Satisfied,0,0,others,3,3,2,2,1,3,1,1,1,0,0,0,0,Vendor B,3,157.7
9c82c7143c102b71c593d98d96093fde,Unsatisfied,0,0,others,4,3,1,1,1,3,0,0,0,0,0,0,0,Vendor B,1,64.7
9c838d2e45b2ad1094d42f4ef36764f6,Satisfied,1,1,phone,4,2,3,4,3,2,1,1,1,1,1,0,1,Vendor B,2,54.5
9cc138f8dc04cbf16240daa92d8d50e2,Satisfied,1,1,others,5,3,2,3,2,3,0,0,0,0,0,0,0,Vendor B,1,200.6
9cf81d8026a9018052c429cc4e56739b,Satisfied,1,1,others,4,3,3,3,3,2,0,1,1,1,0,0,0,Vendor B,1,223.4
9cfdf10e8fc047a44b08ed031e1f0ed1,Satisfied,1,1,phone,4,2,4,3,3,3,1,0,0,1,0,0,1,Vendor B,1,44.5
9dcb88e0137649590b755372b040afad,Satisfied,1,1,mobile_app,2,2,4,4,2,3,1,0,1,0,1,0,1,Vendor A,2,60.5
9de6d14fff9806d4bcd1ef555be766cd,Satisfied,1,1,phone,5,3,3,2,2,3,0,0,0,0,0,0,0,Vendor C,4,294
9dfcd5e558dfa04aaf37f137a1d9d3e5,Satisfied,0,0,phone,4,2,4,3,2,3,1,0,0,0,1,0,1,Vendor B,1,67.3
9e3cfc48eccf81a0d57663e129aef3cb,Satisfied,1,1,others,4,3,2,3,4,4,0,1,1,0,0,0,0,Vendor C,4,200.7
9f396fe44e7c05c16873b05ec425cbad,Unsatisfied,1,1,others,3,3,3,1,3,2,0,0,0,1,0,0,0,Vendor B,1,23.5
9f53d83ec0691550f7d2507d57f4f5a2,Satisfied,1,1,others,2,3,1,2,2,1,0,0,0,0,0,0,0,Vendor C,3,96.6
9f61408e3afb633e50cdf1b20de6f466,Unsatisfied,0,0,website,3,1,3,3,4,3,0,0,0,0,1,0,1,Vendor C,2,7.2
9fc3d7152ba9336a670e36d0ed79bc43,Satisfied,1,1,website,3,2,3,4,5,4,1,1,0,0,0,1,1,Vendor B,3,62
9fd81843ad7f202f26c1a174c7357585,Satisfied,1,1,phone,4,2,3,3,4,4,1,0,0,1,0,0,1,Vendor B,3,48.7
9fe8593a8a330607d76796b35c64c600,Satisfied,1,1,others,2,3,1,2,1,2,1,0,0,0,0,0,0,Vendor A,2,103.5
a01a0380ca3c61428c26a231f0e49a09,Unsatisfied,1,1,others,5,3,2,2,2,2,0,0,0,0,0,0,0,Vendor B,1,95.3
a02ffd91ece5e7efeb46db8f10a74059,Unsatisfied,0,0,others,3,3,2,2,1,3,0,0,1,0,0,0,0,Vendor C,4,153
a0a080f42e6f13b3a2df133f073095dd,Unsatisfied,1,1,website,3,2,3,2,3,4,1,1,1,0,1,0,1,Vendor C,1,42
a1140a3d0df1c81e24ae954d935e8926,Unsatisfied,0,0,others,3,3,2,2,4,3,0,1,0,1,0,1,1,Vendor A,2,70
a1d0c6e83f027327d8461063f4ac58a6,Satisfied,1,1,website,3,1,4,4,2,2,1,1,1,1,1,0,1,Vendor B,2,12.2
a1d33d0dfec820b41b54430b50e96b5c,Satisfied,1,1,others,5,3,3,3,3,4,0,0,0,0,0,0,0,Vendor C,3,147.3
a2557a7b2e94197ff767970b67041697,Satisfied,1,1,mobile_app,2,2,3,3,2,3,0,0,0,0,0,0,1,Vendor A,2,33.6
a3c65c2974270fd093ee8a9bf8ae7d0b,Satisfied,1,1,website,5,2,4,4,3,4,1,1,0,0,1,1,1,Vendor A,4,58
a3d68b461bd9d3533ee1dd3ce4628ed4,Unsatisfied,1,1,others,1,3,2,2,2,1,0,1,0,0,1,0,0,Vendor C,1,108.8
a3f390d88e4c41f2747bfa2f1b5f87db,Satisfied,1,1,website,3,1,3,3,2,3,1,1,0,0,1,0,1,Vendor B,1,12.5
a4300b002bcfb71f291dac175d52df94,Unsatisfied,1,1,others,3,3,2,2,3,3,0,0,0,1,0,0,0,Vendor B,1,102.6
a49e9411d64ff53eccfdd09ad10a15b3,Unsatisfied,1,1,others,1,3,2,1,1,3,0,0,0,0,0,0,0,Vendor C,1,69
a4a042cf4fd6bfb47701cbc8a1653ada,Satisfied,0,0,mobile_app,2,2,3,3,3,3,0,0,1,0,0,0,0,Vendor C,3,51.9
a4f23670e1833f3fdb077ca70bbd5d66,Satisfied,0,0,phone,4,2,4,4,2,2,0,0,0,0,0,1,0,Vendor B,2,46.3
a516a87cfcaef229b342c437fe2b95f7,Unsatisfied,0,0,others,1,3,1,1,1,1,0,0,0,0,0,0,0,Vendor B,2,52.4
a532400ed62e772b9dc0b86f46e583ff,Satisfied,1,1,others,3,3,2,2,3,2,1,0,0,0,0,0,0,Vendor B,1,87.8
a5771bce93e200c36f7cd9dfd0e5deaa,Satisfied,1,1,website,5,1,4,3,3,3,0,0,0,0,1,0,1,Vendor B,1,10.8
a597e50502f5ff68e3e25b9114205d4a,Satisfied,0,0,mobile_app,2,2,3,3,2,1,1,0,0,0,0,0,0,Vendor A,2,43.5
a5bfc9e07964f8dddeb95fc584cd965d,Satisfied,1,1,website,3,1,2,3,4,3,0,0,0,0,0,0,1,Vendor A,2,14.8
a5cdd4aa0048b187f7182f1b9ce7a6a7,Unsatisfied,0,0,others,5,3,2,3,3,3,1,1,0,0,1,1,1,Vendor C,4,172.6
a5e00132373a7031000fd987a3c9f87b,Satisfied,1,0,mobile_app,3,2,3,4,3,3,1,0,0,1,0,1,1,Vendor C,2,56.5
a64c94baaf368e1840a1324e839230de,Unsatisfied,0,0,others,3,3,2,2,4,3,0,0,0,0,0,0,0,Vendor A,2,154.5
a666587afda6e89aec274a3657558a27,Satisfied,0,0,phone,5,2,3,3,4,4,1,0,0,0,1,0,0,Vendor C,3,56.8
a67f096809415ca1c9f112d96d27689b,Unsatisfied,1,1,others,5,3,2,3,4,2,0,0,0,0,0,0,0,Vendor C,1,118.4
a684eceee76fc522773286a895bc8436,Unsatisfied,0,0,website,4,1,4,4,3,3,0,0,0,0,1,0,1,Vendor B,2,8.2
a733fa9b25f33689e2adbe72199f0e62,Unsatisfied,1,1,others,2,3,1,2,2,2,0,1,0,1,0,1,0,Vendor B,1,74.9
a760880003e7ddedfef56acb3b09697f,Satisfied,1,1,others,5,3,3,3,4,3,0,0,0,1,0,0,0,Vendor A,2,106.4
a7aeed74714116f3b292a982238f83d2,Satisfied,1,1,others,5,3,2,2,5,2,1,0,0,0,0,0,0,Vendor B,1,82.1
a86c450b76fb8c371afead6410d55534,Satisfied,1,1,others,2,3,3,2,2,3,1,0,0,0,0,0,0,Vendor B,2,176.8
a87ff679a2f3e71d9181a67b7542122c,Satisfied,1,1,website,3,1,4,3,4,4,1,1,0,1,1,1,1,Vendor B,1,11.6
a8849b052492b5106526b2331e526138,Satisfied,1,0,others,2,3,3,2,2,3,0,0,0,0,0,0,0,Vendor C,2,176.4
a8abb4bb284b5b27aa7cb790dc20f80b,Unsatisfied,1,1,others,4,3,2,3,3,2,0,1,0,0,0,1,1,Vendor A,2,79.5
a8baa56554f96369ab93e4f3bb068c22,Satisfied,1,1,mobile_app,2,2,4,4,2,4,1,0,0,0,1,0,0,Vendor B,1,48.7
a8c88a0055f636e4a163a5e3d16adab7,Satisfied,1,1,phone,4,2,3,3,2,3,0,0,0,0,0,1,1,Vendor B,1,44.9
a8e864d04c95572d1aece099af852d0a,Satisfied,1,1,others,2,3,2,1,4,1,0,1,1,1,0,0,1,Vendor B,1,190.1
a8ecbabae151abacba7dbde04f761c37,Satisfied,1,1,others,3,3,2,2,2,2,0,0,0,0,0,0,0,Vendor C,1,166.9
a8f15eda80c50adb0e71943adc8015cf,Satisfied,1,1,mobile_app,3,2,4,4,4,3,1,0,1,0,0,0,0,Vendor C,2,47
a96b65a721e561e1e3de768ac819ffbb,Satisfied,1,1,others,5,3,2,3,3,4,0,0,0,0,0,0,0,Vendor C,4,65.8
a97da629b098b75c294dffdc3e463904,Satisfied,1,1,website,2,2,3,4,3,3,0,0,0,0,0,0,1,Vendor B,1,39
a9a1d5317a33ae8cef33961c34144f84,Satisfied,1,1,others,2,3,2,3,2,2,0,0,0,0,0,0,0,Vendor C,2,114.9
a9a6653e48976138166de32772b1bf40,Satisfied,1,1,others,2,3,2,3,3,3,0,0,0,0,0,0,0,Vendor C,2,111.8
a9b7ba70783b617e9998dc4dd82eb3c5,Satisfied,1,1,others,2,3,2,3,3,3,0,0,0,0,0,0,0,Vendor C,3,95.1
aa169b49b583a2b5af89203c2b78c67c,Satisfied,1,1,others,4,3,2,3,5,2,1,0,0,0,0,0,0,Vendor C,3,166.4
aa942ab2bfa6ebda4840e7360ce6e7ef,Satisfied,1,1,phone,3,3,2,2,2,2,0,0,0,0,0,0,0,Vendor B,1,195.3
aab3238922bcc25a6f606eb525ffdc56,Satisfied,1,1,website,4,1,3,3,3,3,1,1,1,0,1,1,1,Vendor C,3,9.6
ab233b682ec355648e7891e66c54191b,Unsatisfied,1,1,others,4,3,2,2,5,3,1,1,0,0,1,0,1,Vendor B,2,119.4
ab817c9349cf9c4f6877e1894a1faa00,Satisfied,0,0,others,3,3,3,2,3,4,1,1,0,0,0,0,0,Vendor B,3,157.5
ab88b15733f543179858600245108dd8,Satisfied,1,1,others,2,3,2,2,4,2,0,0,1,1,0,0,0,Vendor B,3,73.4
aba3b6fd5d186d28e06ff97135cade7f,Unsatisfied,0,0,others,1,3,2,2,4,2,0,1,0,0,1,1,1,Vendor B,1,92.8
abd815286ba1007abfbb8415b83ae2cf,Satisfied,1,1,others,3,3,2,1,3,2,1,1,0,0,0,0,1,Vendor B,1,83
ac1dd209cbcc5e5d1c6e28598e8cbbe8,Satisfied,1,0,phone,4,2,4,4,5,3,0,1,0,0,1,0,1,Vendor C,2,64.2
ac627ab1ccbdb62ec96e702f07f6425b,Satisfied,1,1,website,4,2,4,4,4,2,0,0,1,0,0,0,1,Vendor B,1,49.8
acc3e0404646c57502b480dc052c4fe1,Unsatisfied,1,1,others,3,3,1,1,1,2,0,1,0,0,0,0,0,Vendor A,2,67.2
acf4b89d3d503d8252c9c4ba75ddbf6d,Unsatisfied,0,0,others,3,3,2,2,3,2,0,0,0,0,0,0,0,Vendor A,3,100.8
ad13a2a07ca4b7642959dc0c4c740ab6,Satisfied,1,1,phone,4,2,4,3,3,5,0,1,1,1,0,0,1,Vendor C,3,58.5
ad61ab143223efbc24c7d2583be69251,Satisfied,1,1,website,4,2,3,2,5,3,1,1,0,1,0,0,1,Vendor C,3,37.2
ad972f10e0800b49d76fed33a21f6698,Unsatisfied,1,1,others,4,3,1,2,1,3,0,1,1,0,0,0,1,Vendor C,3,89.1
addfa9b7e234254d26e9c7f2af1005cb,Unsatisfied,1,1,others,2,3,3,2,1,4,1,1,1,0,1,0,0,Vendor A,2,143.1
ae0eb3eed39d2bcef4622b2499a05fe6,Satisfied,1,1,others,1,3,3,2,2,3,0,0,0,0,0,0,0,Vendor C,4,77.5
aeb3135b436aa55373822c010763dd54,Unsatisfied,1,1,others,3,3,1,1,3,3,0,0,0,0,0,0,0,Vendor B,1,65.6
afd4836712c5e77550897e25711e1d96,Satisfied,0,0,others,4,3,2,2,3,2,1,1,0,0,0,0,0,Vendor A,2,124.4
afda332245e2af431fb7b672a68b659d,Satisfied,1,1,others,1,3,3,2,2,3,1,1,1,1,0,0,1,Vendor B,1,81.6
aff1621254f7c1be92f64550478c56e6,Satisfied,1,1,others,1,3,2,3,4,2,1,1,0,0,0,1,0,Vendor C,1,65
b056eb1587586b71e2da9acfe4fbd19e,Satisfied,1,1,others,4,3,2,3,4,3,0,0,0,1,0,0,0,Vendor B,3,163.7
b0b183c207f46f0cca7dc63b2604f5cc,Satisfied,1,1,others,5,3,3,3,4,3,1,0,1,1,0,0,0,Vendor B,1,135.7
b137fdd1f79d56c7edf3365fea7520f2,Unsatisfied,0,0,others,4,3,2,3,2,3,0,1,1,1,0,0,0,Vendor C,1,155.9
b1a59b315fc9a3002ce38bbe070ec3f5,Satisfied,0,0,phone,4,2,3,4,2,4,1,1,1,1,1,0,1,Vendor C,3,47.9
b1d10e7bafa4421218a51b1e1f1b0ba2,Satisfied,0,0,mobile_app,2,2,3,3,3,3,0,1,1,0,0,0,1,Vendor B,1,55.3
b1eec33c726a60554bc78518d5f9b32c,Unsatisfied,1,1,others,2,3,1,2,1,2,0,0,0,0,0,0,0,Vendor B,1,100.3
b2eb7349035754953b57a32e2841bda5,Satisfied,1,1,phone,4,2,3,2,3,4,1,1,1,0,1,1,1,Vendor B,2,39.9
b2eeb7362ef83deff5c7813a67e14f0a,Satisfied,0,0,others,3,3,3,3,3,2,1,0,0,0,0,0,0,Vendor B,2,170.4
b2f627fff19fda463cb386442eac2b3d,Satisfied,1,1,others,2,3,2,2,4,2,0,1,0,0,0,0,1,Vendor A,4,65.7
b337e84de8752b27eda3a12363109e80,Satisfied,1,1,others,2,3,3,3,2,3,1,0,0,0,0,0,0,Vendor A,3,120.3
b3967a0e938dc2a6340e258630febd5a,Unsatisfied,0,1,phone,5,3,3,2,3,5,0,0,1,0,0,0,0,Vendor B,1,91.7
b3e3e393c77e35a4a3f3cbd1e429b5dc,Satisfied,0,0,mobile_app,1,2,3,3,3,2,1,1,1,0,0,1,1,Vendor B,1,44.2
b4288d9c0ec0a1841b3b3728321e7088,Satisfied,1,1,others,5,3,3,3,1,2,0,0,0,0,0,0,0,Vendor B,1,120
b4a528955b84f584974e92d025a75d1f,Unsatisfied,1,1,others,5,3,2,3,3,2,1,1,1,1,1,0,0,Vendor B,1,191.2
b534ba68236ba543ae44b22bd110a1d6,Unsatisfied,1,1,others,2,3,2,3,2,3,0,1,1,1,1,0,1,Vendor A,2,226.8
b53b3a3d6ab90ce0268229151c9bde11,Satisfied,1,0,website,2,1,3,4,2,3,0,0,0,0,0,1,1,Vendor B,1,12
b55ec28c52d5f6205684a473a2193564,Satisfied,1,0,others,2,3,3,2,3,3,1,1,1,1,0,0,0,Vendor B,2,79.9
b56a18e0eacdf51aa2a5306b0f533204,Satisfied,1,1,others,4,3,2,3,3,2,0,0,0,0,0,0,0,Vendor C,2,92.2
b5b41fac0361d157d9673ecb926af5ae,Unsatisfied,1,1,others,1,3,1,1,3,3,0,1,0,0,1,1,1,Vendor C,3,10.4
b5dc4e5d9b495d0196f61d45b26ef33e,Unsatisfied,1,1,others,3,3,2,2,2,3,0,0,0,0,0,0,0,Vendor A,3,55.9
b6a1085a27ab7bff7550f8a3bd017df8,Satisfied,1,1,others,3,3,3,3,4,3,1,1,1,1,0,0,0,Vendor B,2,188.3
b6d767d2f8ed5d21a44b0e5886680cb9,Unsatisfied,1,0,website,3,1,3,4,4,4,0,0,0,0,1,1,1,Vendor B,1,8.4
b6edc1cd1f36e45daf6d7824d7bb2283,Unsatisfied,1,0,others,3,3,2,2,1,1,0,0,0,0,0,0,0,Vendor A,2,217.5
b6f0479ae87d244975439c6124592772,Satisfied,0,0,others,5,3,2,3,5,2,0,0,0,1,0,0,0,Vendor C,3,137.7
b706835de79a2b4e80506f582af3676a,Satisfied,0,0,others,3,3,2,2,2,3,1,1,0,0,0,0,1,Vendor C,3,42.6
b73ce398c39f506af761d2277d853a92,Satisfied,1,1,mobile_app,2,2,3,3,4,3,1,1,0,0,0,1,1,Vendor B,1,53
b73dfe25b4b8714c029b37a6ad3006fa,Satisfied,1,1,others,5,3,3,3,4,3,0,0,0,0,0,0,0,Vendor B,1,74.7
b7892fb3c2f009c65f686f6355c895b5,Satisfied,1,1,others,5,3,1,3,3,3,0,1,0,0,0,1,1,Vendor C,3,32.4
b7b16ecf8ca53723593894116071700c,Unsatisfied,0,0,others,2,3,2,2,4,2,1,1,1,1,0,0,0,Vendor A,2,64.5
b7bb35b9c6ca2aee2df08cf09d7016c2,Unsatisfied,0,0,others,4,3,2,2,2,2,0,1,0,0,0,0,1,Vendor A,2,145.1
b7ee6f5f9aa5cd17ca1aea43ce848496,Satisfied,1,1,others,4,3,2,3,2,3,1,0,0,0,0,0,0,Vendor C,2,118.6
b83aac23b9528732c23cc7352950e880,Satisfied,1,1,phone,3,2,4,4,3,4,0,0,0,0,0,1,1,Vendor B,1,62
b86e8d03fe992d1b0e19656875ee557c,Unsatisfied,1,1,others,3,3,2,1,2,2,1,1,0,1,1,0,1,Vendor A,2,41.2
b9228e0962a78b84f3d5d92f4faa000b,Satisfied,1,1,others,3,3,1,2,3,4,0,0,0,0,0,0,0,Vendor C,3,94.2
ba2fd310dcaa8781a9a652a31baf3c68,Satisfied,0,0,others,1,3,2,3,1,2,0,0,1,1,0,0,0,Vendor C,3,178
ba3866600c3540f67c1e9575e213be0a,Unsatisfied,1,1,others,4,3,3,2,2,3,0,0,0,0,0,0,0,Vendor B,2,118.5
bac9162b47c56fc8a4d2a519803d51b3,Satisfied,1,1,phone,3,3,2,2,3,3,1,0,0,1,0,0,0,Vendor A,2,52
bbcbff5c1f1ded46c25d28119a85c6c2,Unsatisfied,1,1,others,1,3,2,2,4,2,0,0,0,0,0,0,0,Vendor B,1,87.5
bbf94b34eb32268ada57a3be5062fe7d,Satisfied,1,1,others,3,3,4,2,3,4,0,1,0,1,0,0,1,Vendor B,1,207.8
bc6dc48b743dc5d013b1abaebd2faed2,Satisfied,1,1,phone,4,2,4,3,3,3,1,0,1,1,0,1,1,Vendor C,1,58
bca82e41ee7b0833588399b1fcd177c7,Satisfied,1,1,others,3,3,3,3,3,3,1,1,1,0,1,1,1,Vendor B,1,187.7
bcbe3365e6ac95ea2c0343a2395834dd,Satisfied,1,1,phone,4,2,4,3,3,4,1,1,0,0,1,0,1,Vendor B,2,41.7
bd4c9ab730f5513206b999ec0d90d1fb,Satisfied,1,1,mobile_app,3,2,4,4,2,3,0,0,0,0,0,0,0,Vendor C,3,55
bd686fd640be98efaae0091fa301e613,Unsatisfied,1,1,mobile_app,2,2,4,3,3,4,0,0,1,0,1,0,1,Vendor C,1,42.9
be3159ad04564bfb90db9e32851ebf9c,Satisfied,1,1,others,5,3,3,3,2,2,1,1,1,1,1,1,0,Vendor A,3,131.3
be83ab3ecd0db773eb2dc1b0a17836a1,Satisfied,1,1,phone,3,2,3,3,3,3,0,0,1,0,0,1,0,Vendor A,2,63.7
bea5955b308361a1b07bc55042e25e54,Satisfied,0,0,others,1,3,3,2,1,3,0,0,1,0,0,0,0,Vendor A,4,142.1
beb22fb694d513edcf5533cf006dfeae,Satisfied,1,1,others,4,3,3,3,2,2,1,0,1,1,0,0,0,Vendor B,2,117.5
beed13602b9b0e6ecb5b568ff5058f07,Unsatisfied,0,1,others,2,3,2,1,3,3,0,0,0,0,0,0,0,Vendor C,3,87.5
bf62768ca46b6c3b5bea9515d1a1fc45,Satisfied,1,1,others,5,3,3,4,2,3,1,1,1,1,0,0,1,Vendor B,3,94.4
bf8229696f7a3bb4700cfddef19fa23f,Satisfied,1,1,mobile_app,2,2,4,3,4,3,1,0,0,0,0,1,0,Vendor B,1,49.7
c042f4db68f23406c6cecf84a7ebb0fe,Satisfied,1,1,phone,3,3,1,2,4,2,1,1,1,0,0,0,1,Vendor C,2,115.3
c058f544c737782deacefa532d9add4c,Satisfied,1,1,phone,3,3,3,3,1,4,1,0,0,0,0,0,0,Vendor B,1,219.2
c06d06da9666a219db15cf575aff2824,Unsatisfied,1,1,others,5,3,1,3,3,2,0,1,1,1,1,0,0,Vendor C,3,69.4
c0c7c76d30bd3dcaefc96f40275bdc0a,Satisfied,1,1,website,2,1,4,4,4,4,0,0,0,0,1,0,1,Vendor B,2,8.9
c0e190d8267e36708f955d7ab048990d,Satisfied,1,1,mobile_app,2,2,4,3,4,3,1,1,1,1,1,0,1,Vendor C,2,62.5
c0f168ce8900fa56e57789e2a2f2c9d0,Unsatisfied,1,1,others,2,3,1,2,3,3,1,1,0,0,0,1,1,Vendor B,1,27.5
c15da1f2b5e5ed6e6837a3802f0d1593,Satisfied,1,1,others,5,3,1,3,4,3,0,0,0,0,0,0,0,Vendor C,1,186.5
c16a5320fa475530d9583c34fd356ef5,Satisfied,1,0,website,3,1,4,3,2,3,1,0,0,1,1,0,1,Vendor A,3,10.1
c203d8a151612acf12457e4d67635a95,Satisfied,1,1,others,2,3,1,2,2,2,1,1,1,1,0,1,1,Vendor B,1,131.5
c20ad4d76fe97759aa27a0c99bff6710,Satisfied,1,1,website,4,1,4,4,5,2,0,0,0,0,1,1,1,Vendor C,1,12.5
c22abfa379f38b5b0411bc11fa9bf92f,Unsatisfied,1,1,others,5,3,2,3,1,4,0,0,0,0,0,0,0,Vendor C,1,161.1
c24cd76e1ce41366a4bbe8a49b02a028,Satisfied,1,1,phone,3,2,4,3,2,3,1,1,0,0,1,1,1,Vendor B,1,44.8
c2626d850c80ea07e7511bbae4c76f4b,Satisfied,1,1,others,3,3,2,2,2,2,0,1,0,0,0,0,0,Vendor C,2,113.9
c2aee86157b4a40b78132f1e71a9e6f1,Unsatisfied,0,0,others,5,3,2,2,5,2,0,0,0,0,0,0,0,Vendor B,1,116.6
c32d9bf27a3da7ec8163957080c8628e,Unsatisfied,1,1,others,1,3,1,1,1,2,0,1,0,0,0,1,1,Vendor A,2,34.6
c361bc7b2c033a83d663b8d9fb4be56e,Unsatisfied,0,0,others,1,3,1,3,2,3,0,0,1,0,0,0,0,Vendor A,3,102.7
c3992e9a68c5ae12bd18488bc579b30d,Unsatisfied,0,0,others,3,3,2,1,2,1,0,0,0,0,0,0,0,Vendor A,3,107.5
c399862d3b9d6b76c8436e924a68c45b,Unsatisfied,0,0,others,5,3,2,3,2,2,0,0,0,1,0,0,0,Vendor C,1,118.4
c3c59e5f8b3e9753913f4d435b53c308,Satisfied,1,1,others,2,3,5,2,5,4,0,0,0,0,0,0,0,Vendor A,4,85.5
c3e878e27f52e2a57ace4d9a76fd9acf,Satisfied,1,1,phone,4,3,3,3,2,4,0,1,1,1,0,1,0,Vendor B,1,143.1
c4015b7f368e6b4871809f49debe0579,Unsatisfied,1,1,others,3,3,1,2,1,2,0,0,0,0,0,0,0,Vendor C,1,134.1
c410003ef13d451727aeff9082c29a5c,Unsatisfied,1,1,others,1,3,1,2,2,1,0,0,0,0,0,0,0,Vendor B,2,35.5
c45147dee729311ef5b5c3003946c48f,Satisfied,1,1,website,2,2,3,3,1,3,0,0,0,0,0,0,0,Vendor A,4,56.2
c4b31ce7d95c75ca70d50c19aef08bf1,Satisfied,1,1,others,2,3,2,1,1,3,1,1,0,1,0,0,1,Vendor C,1,117.2
c4ca4238a0b923820dcc509a6f75849b,Satisfied,1,1,website,3,1,4,4,1,4,1,0,0,0,1,0,1,Vendor B,2,20.3
c51ce410c124a10e0db5e4b97fc2af39,Satisfied,1,1,website,4,1,4,4,4,5,0,0,0,0,1,1,1,Vendor B,3,16.9
c52f1bd66cc19d05628bd8bf27af3ad6,Unsatisfied,0,0,phone,4,2,4,3,3,4,0,0,0,1,1,0,0,Vendor C,2,43.7
c5ab0bc60ac7929182aadd08703f1ec6,Satisfied,1,1,others,2,3,2,3,1,2,0,0,0,0,0,0,0,Vendor A,2,165.2
c5ff2543b53f4cc0ad3819a36752467b,Satisfied,1,1,phone,4,3,2,3,1,3,0,0,1,0,0,0,0,Vendor C,3,89.8
c6e19e830859f2cb9f7c8f8cacb8d2a6,Satisfied,1,1,others,4,3,3,2,2,3,1,1,0,0,0,0,0,Vendor C,1,127.2
c74d97b01eae257e44aa9d5bade97baf,Satisfied,1,1,website,4,1,3,4,3,3,1,0,0,0,0,1,1,Vendor B,1,11.4
c75b6f114c23a4d7ea11331e7c00e73c,Unsatisfied,1,1,others,2,3,1,2,2,3,1,1,1,0,1,1,1,Vendor B,1,66.7
c7e1249ffc03eb9ded908c236bd1996d,Unsatisfied,1,1,website,5,2,4,4,1,4,0,1,0,0,1,1,1,Vendor C,2,60.9
c81e728d9d4c2f636f067f89cc14862c,Satisfied,1,1,website,3,1,4,5,4,4,1,0,1,0,1,1,1,Vendor B,1,22.3
c86a7ee3d8ef0b551ed58e354a836f2b,Satisfied,1,1,others,3,3,2,3,2,3,0,1,1,0,0,0,0,Vendor A,3,202.6
c8c41c4a18675a74e01c8a20e8a0f662,Unsatisfied,1,1,others,2,3,1,1,1,2,1,1,0,0,1,1,0,Vendor C,1,65.7
c8ed21db4f678f3b13b9d5ee16489088,Unsatisfied,1,0,others,1,3,2,1,2,3,0,0,0,0,0,0,0,Vendor A,3,85.2
c8fbbc86abe8bd6a5eb6a3b4d0411301,Unsatisfied,1,1,others,1,3,1,2,2,1,0,0,0,0,0,0,0,Vendor B,1,42.8
c8ffe9a587b126f152ed3d89a146b445,Unsatisfied,1,1,website,4,2,4,3,3,5,0,0,0,1,1,0,0,Vendor A,2,46.4
c9892a989183de32e976c6f04e700201,Satisfied,1,1,others,3,3,3,2,4,2,0,0,0,0,0,0,0,Vendor A,2,147.4
c9e1074f5b3f9fc8ea15d152add07294,Unsatisfied,1,0,website,3,2,3,4,4,3,1,1,1,1,1,1,1,Vendor B,1,42.3
c9f0f895fb98ab9159f51fd0297e236d,Satisfied,1,0,website,2,1,4,4,3,3,1,0,0,0,0,0,1,Vendor B,3,10.2
ca46c1b9512a7a8315fa3c5a946e8265,Unsatisfied,1,1,mobile_app,2,2,3,3,1,3,0,1,1,1,1,1,1,Vendor C,2,40
ca75910166da03ff9d4655a0338e6b09,Satisfied,1,1,others,5,3,2,2,4,2,1,0,1,1,0,0,0,Vendor C,1,117.7
ca8155f4d27f205953f9d3d7974bdd70,Satisfied,1,1,others,5,3,3,4,3,4,1,1,1,1,0,0,0,Vendor B,2,131.5
ca9c267dad0305d1a6308d2a0cf1c39c,Satisfied,1,1,others,3,3,3,2,2,3,0,1,0,0,0,1,0,Vendor C,3,104.8
caf1a3dfb505ffed0d024130f58c5cfa,Satisfied,0,0,phone,3,2,4,3,3,4,0,1,0,0,0,0,1,Vendor A,2,58.5
cb70ab375662576bd1ac5aaf16b3fca4,Satisfied,0,0,phone,3,2,3,4,3,3,0,0,0,1,0,0,0,Vendor B,1,36.8
cbb6a3b884f4f88b3a8e3d44c636cbd8,Unsatisfied,0,0,others,5,3,3,2,3,3,0,0,0,0,0,0,0,Vendor A,4,102.7
cbcb58ac2e496207586df2854b17995f,Satisfied,1,1,others,2,3,3,2,3,3,1,1,0,1,0,0,1,Vendor C,3,143.4
cc1aa436277138f61cda703991069eaf,Unsatisfied,0,0,others,4,3,3,2,1,4,0,0,1,1,0,0,0,Vendor B,1,95
ccb0989662211f61edae2e26d58ea92f,Satisfied,1,1,others,2,3,3,3,2,3,0,0,0,1,0,0,0,Vendor A,2,146.1
ccb1d45fb76f7c5a0bf619f979c6cf36,Satisfied,1,1,others,3,3,2,2,3,3,0,0,0,0,0,0,0,Vendor A,4,61.8
ccc0aa1b81bf81e16c676ddb977c5881,Satisfied,1,0,others,1,3,2,2,2,2,1,0,0,0,0,0,0,Vendor A,4,254.1
cd00692c3bfe59267d5ecfac5310286c,Satisfied,1,1,phone,3,2,3,3,5,4,0,0,0,0,0,0,1,Vendor A,2,52.1
cdc0d6e63aa8e41c89689f54970bb35f,Unsatisfied,1,1,others,2,3,3,2,4,3,0,0,0,0,0,0,0,Vendor B,1,72.7
ce78d1da254c0843eb23951ae077ff5f,Satisfied,1,1,others,1,3,3,3,2,4,1,1,0,1,0,0,1,Vendor B,2,119.4
cedebb6e872f539bef8c3f919874e9d7,Satisfied,1,0,mobile_app,2,2,3,3,2,3,0,0,0,0,0,0,1,Vendor C,2,53.2
cee631121c2ec9232f3a2f028ad5c89b,Unsatisfied,0,0,others,2,3,3,2,2,3,0,0,0,0,0,0,0,Vendor B,1,251.5
cf004fdc76fa1a4f25f62e0eb5261ca3,Satisfied,1,1,others,2,3,2,1,4,2,1,0,1,1,0,0,0,Vendor B,2,123.1
cf67355a3333e6e143439161adc2d82e,Satisfied,1,1,others,4,3,3,2,3,4,0,1,0,1,0,0,1,Vendor C,2,94.7
cfa0860e83a4c3a763a7e62d825349f7,Satisfied,1,1,phone,3,2,3,4,4,3,1,0,0,0,0,1,1,Vendor B,2,49.9
cfbce4c1d7c425baf21d6b6f2babe6be,Unsatisfied,1,1,others,5,3,1,3,3,4,0,0,0,0,0,0,0,Vendor B,1,106.5
cfecdb276f634854f3ef915e2e980c31,Unsatisfied,1,0,mobile_app,2,2,2,3,2,2,1,0,0,1,1,0,0,Vendor B,1,49.8
cfee398643cbc3dc5eefc89334cacdc1,Satisfied,1,1,others,5,3,4,3,5,3,1,0,1,0,0,0,0,Vendor A,4,177.8
d045c59a90d7587d8d671b5f5aec4e7c,Unsatisfied,1,1,others,2,3,2,1,1,2,0,1,1,0,0,0,1,Vendor B,1,149.6
d07e70efcfab08731a97e7b91be644de,Unsatisfied,0,0,others,1,3,1,3,2,1,0,0,0,1,0,0,0,Vendor B,2,116.5
d09bf41544a3365a46c9077ebb5e35c3,Satisfied,1,1,website,4,2,4,3,1,3,0,0,0,0,0,1,0,Vendor B,1,56.9
d14220ee66aeec73c49038385428ec4c,Satisfied,1,1,others,3,3,2,2,3,3,0,0,0,0,0,0,0,Vendor A,3,142.5
d18f655c3fce66ca401d5f38b48c89af,Satisfied,1,0,others,2,3,2,2,1,4,1,0,0,0,0,0,0,Vendor C,2,169.6
d1c38a09acc34845c6be3a127a5aacaf,Satisfied,1,1,phone,3,2,3,4,4,3,0,1,0,1,1,0,1,Vendor C,3,55.8
d1f255a373a3cef72e03aa9d980c7eca,Unsatisfied,1,1,others,5,3,1,1,5,2,0,0,0,0,0,0,0,Vendor A,2,79.8
d1f491a404d6854880943e5c3cd9ca25,Satisfied,1,1,website,3,2,2,4,4,3,1,0,0,1,0,0,1,Vendor C,2,44.9
d1fe173d08e959397adf34b1d77e88d7,Satisfied,1,1,website,4,2,3,3,2,4,1,0,1,0,1,0,0,Vendor A,4,67
d240e3d38a8882ecad8633c8f9c78c9b,Unsatisfied,0,0,others,1,3,1,2,1,2,0,0,0,0,0,0,0,Vendor B,2,147.2
d296c101daa88a51f6ca8cfc1ac79b50,Satisfied,1,1,phone,4,2,4,4,5,4,1,0,1,1,1,0,1,Vendor B,1,59.3
d2ddea18f00665ce8623e36bd4e3c7c5,Satisfied,1,1,website,4,1,4,4,3,3,0,0,1,1,1,1,1,Vendor B,1,10.5
d2ed45a52bc0edfa11c2064e9edee8bf,Satisfied,1,1,others,1,3,1,2,3,3,0,0,0,0,0,0,0,Vendor C,3,135.9
d34ab169b70c9dcd35e62896010cd9ff,Unsatisfied,0,0,others,1,3,1,2,4,2,0,0,0,0,0,0,0,Vendor C,1,74
d395771085aab05244a4fb8fd91bf4ee,Unsatisfied,1,0,phone,2,2,2,4,3,4,0,1,0,0,1,0,1,Vendor A,4,51.9
d3d9446802a44259755d38e6d163e820,Satisfied,1,0,website,4,1,4,4,1,4,0,0,0,0,1,0,1,Vendor C,3,14.3
d490d7b4576290fa60eb31b5fc917ad1,Satisfied,1,1,others,4,3,2,1,2,4,1,1,0,1,0,1,1,Vendor B,1,96.5
d4c2e4a3297fe25a71d030b67eb83bfc,Satisfied,1,1,others,4,3,3,2,3,2,0,1,1,1,0,0,1,Vendor B,1,136.7
d516b13671a4179d9b7b458a6ebdeb92,Unsatisfied,1,1,others,4,3,2,2,3,2,0,0,0,0,0,0,0,Vendor C,1,111
d554f7bb7be44a7267068a7df88ddd20,Satisfied,1,1,others,3,3,2,2,1,2,0,0,0,0,0,0,0,Vendor C,1,178.9
d56b9fc4b0f1be8871f5e1c40c0067e7,Unsatisfied,0,0,others,1,3,1,1,2,1,0,0,0,0,0,0,0,Vendor B,2,42.3
d58072be2820e8682c0a27c0518e805e,Satisfied,1,1,others,2,3,1,1,2,3,0,0,0,0,0,0,0,Vendor A,4,91.7
d5cfead94f5350c12c322b5b664544c1,Unsatisfied,1,1,others,3,3,2,2,3,2,0,1,1,0,1,0,1,Vendor A,2,251.7
d61e4bbd6393c9111e6526ea173a7c8b,Satisfied,1,1,others,2,3,2,3,3,3,0,0,0,0,0,0,0,Vendor B,3,178.1
d645920e395fedad7bbbed0eca3fe2e0,Unsatisfied,0,0,website,2,1,4,4,4,3,0,1,1,0,1,1,1,Vendor C,1,8
d64a340bcb633f536d56e51874281454,Satisfied,1,1,others,1,3,3,2,1,3,1,0,0,0,0,0,0,Vendor B,2,151.9
d67d8ab4f4c10bf22aa353e27879133c,Satisfied,1,1,website,4,1,4,4,4,4,0,1,1,1,1,1,1,Vendor B,2,12.2
d6baf65e0b240ce177cf70da146c8dc8,Unsatisfied,1,1,phone,4,2,3,3,3,3,0,1,0,0,1,1,1,Vendor B,1,44
d6c651ddcd97183b2e40bc464231c962,Unsatisfied,0,0,others,4,3,3,2,1,4,0,0,0,0,0,0,0,Vendor B,1,25.5
d707329bece455a462b58ce00d1194c9,Satisfied,1,1,others,3,3,2,1,3,2,1,1,0,1,0,0,1,Vendor B,1,140.2
d709f38ef758b5066ef31b18039b8ce5,Satisfied,0,0,others,4,3,3,3,2,4,1,0,1,1,0,0,0,Vendor B,1,187.1
d79aac075930c83c2f1e369a511148fe,Satisfied,1,1,others,4,3,3,3,1,2,1,0,0,0,0,0,0,Vendor A,2,163.3
d7a728a67d909e714c0774e22cb806f2,Satisfied,1,1,others,3,3,2,2,3,3,0,0,0,0,0,0,0,Vendor B,3,109
d81f9c1be2e08964bf9f24b15f0e4900,Unsatisfied,0,0,phone,2,3,2,2,1,3,0,0,0,0,0,0,0,Vendor C,1,112.4
d82c8d1619ad8176d665453cfb2e55f0,Satisfied,1,0,website,3,1,4,4,3,4,0,1,1,1,1,1,1,Vendor B,2,11.5
d840cc5d906c3e9c84374c8919d2074e,Satisfied,1,1,others,2,3,2,3,2,3,0,0,0,1,0,0,0,Vendor C,4,210.5
d86ea612dec96096c5e0fcc8dd42ab6d,Satisfied,0,0,others,3,3,3,2,3,3,0,0,0,0,0,0,0,Vendor A,4,154.7
d93ed5b6db83be78efb0d05ae420158e,Satisfied,1,1,others,1,3,3,2,1,3,1,0,1,0,0,0,0,Vendor C,1,110.1
d947bf06a885db0d477d707121934ff8,Satisfied,0,0,phone,5,2,3,5,3,4,1,0,0,0,0,0,1,Vendor B,2,58
d96409bf894217686ba124d7356686c9,Satisfied,1,1,phone,4,2,3,3,1,4,1,1,1,1,0,1,1,Vendor C,2,37.7
d9d4f495e875a2e075a1a4a6e1b9770f,Satisfied,1,1,website,3,1,3,3,3,3,0,1,0,0,1,1,1,Vendor B,1,12.8
d9fc5b73a8d78fad3d6dffe419384e70,Unsatisfied,0,0,others,4,3,3,3,3,3,0,0,0,0,0,0,0,Vendor A,2,202.5
da0d1111d2dc5d489242e60ebcbaf988,Satisfied,0,0,others,1,3,3,2,2,2,1,1,0,1,0,0,1,Vendor B,1,246.6
da4fb5c6e93e74d3df8527599fa62642,Unsatisfied,1,1,website,2,2,3,3,2,3,0,1,1,1,1,1,1,Vendor A,2,44
da8ce53cf0240070ce6c69c48cd588ee,Unsatisfied,1,1,others,4,3,2,2,2,2,0,0,0,0,0,0,0,Vendor C,2,135.1
daca41214b39c5dc66674d09081940f0,Satisfied,0,0,others,4,3,4,4,3,4,0,0,0,1,0,0,0,Vendor B,2,178.9
db85e2590b6109813dafa101ceb2faeb,Satisfied,1,1,others,5,3,3,4,1,2,0,0,0,0,0,0,0,Vendor A,3,197.8
db8e1af0cb3aca1ae2d0018624204529,Satisfied,1,1,phone,4,2,4,3,3,3,1,1,0,1,1,0,1,Vendor B,2,52.4
dbe272bab69f8e13f14b405e038deb64,Satisfied,1,1,others,1,3,1,2,2,2,1,0,1,0,0,0,0,Vendor C,3,62.9
dc5689792e08eb2e219dce49e64c885b,Unsatisfied,1,0,others,2,3,2,2,2,2,0,0,0,0,0,0,0,Vendor C,2,64.6
dc6a6489640ca02b0d42dabeb8e46bb7,Unsatisfied,1,0,others,1,3,2,3,2,2,0,1,0,0,1,0,1,Vendor C,1,76.4
dc6a70712a252123c40d2adba6a11d84,Unsatisfied,1,1,others,2,3,2,3,2,2,0,0,0,1,0,0,0,Vendor B,2,160.6
dc82d632c9fcecb0778afbc7924494a6,Unsatisfied,0,0,others,4,3,4,3,3,2,0,1,0,0,0,1,0,Vendor B,2,119.6
dc912a253d1e9ba40e2c597ed2376640,Unsatisfied,0,0,others,2,3,2,3,4,3,0,1,0,0,0,0,1,Vendor C,1,126.6
dd45045f8c68db9f54e70c67048d32e8,Satisfied,1,1,others,3,3,3,2,3,3,0,0,0,0,0,0,0,Vendor C,4,188.9
dd458505749b2941217ddd59394240e8,Satisfied,1,1,others,5,3,4,3,1,3,0,0,0,1,0,0,0,Vendor C,3,160.5
dd8eb9f23fbd362da0e3f4e70b878c16,Satisfied,1,0,others,5,3,3,3,3,4,1,0,0,0,0,0,0,Vendor B,2,212.9
ddb30680a691d157187ee1cf9e896d03,Unsatisfied,1,0,others,1,3,2,3,2,2,0,1,0,0,0,0,1,Vendor C,1,51.8
df263d996281d984952c07998dc54358,Satisfied,1,1,others,3,3,3,3,2,3,1,0,1,0,0,0,0,Vendor B,1,66.1
df6d2338b2b8fce1ec2f6dda0a630eb0,Unsatisfied,1,1,others,2,3,1,2,4,2,0,1,1,1,1,0,0,Vendor B,1,111.5
df7f28ac89ca37bf1abd2f6c184fe1cf,Satisfied,1,1,others,1,3,2,2,4,2,0,0,0,0,0,0,0,Vendor B,2,34.1
df877f3865752637daa540ea9cbc474f,Satisfied,1,1,others,1,3,2,2,2,3,1,0,0,0,0,0,0,Vendor B,2,139.4
e00da03b685a0dd18fb6a08af0923de0,Satisfied,1,1,mobile_app,3,2,4,3,1,3,1,1,0,0,1,1,1,Vendor B,1,42.9
e07413354875be01a996dc560274708e,Satisfied,1,1,others,3,3,3,2,2,3,0,0,0,0,0,0,0,Vendor C,3,120.5
e0c641195b27425bb056ac56f8953d24,Satisfied,1,1,others,3,3,2,1,2,2,0,0,1,0,0,0,0,Vendor C,2,173.7
e0cf1f47118daebc5b16269099ad7347,Unsatisfied,1,1,others,3,3,1,2,3,2,0,0,0,0,0,0,0,Vendor B,1,81.6
e0ec453e28e061cc58ac43f91dc2f3f0,Unsatisfied,1,1,others,1,3,3,3,4,3,0,1,0,0,1,0,0,Vendor B,1,123.3
e165421110ba03099a1c0393373c5b43,Unsatisfied,1,0,phone,3,2,3,2,4,3,0,0,1,0,1,0,0,Vendor A,2,45.1
e1e32e235eee1f970470a3a6658dfdd5,Satisfied,1,1,others,5,3,2,3,4,3,0,0,1,0,0,0,0,Vendor C,3,130.1
e205ee2a5de471a70c1fd1b46033a75f,Unsatisfied,1,1,others,4,3,3,3,4,3,0,1,0,0,1,0,1,Vendor B,1,121
e2230b853516e7b05d79744fbd4c9c13,Satisfied,1,1,others,3,3,2,3,2,4,0,0,0,0,0,0,0,Vendor B,1,155.2
e2a2dcc36a08a345332c751b2f2e476c,Unsatisfied,1,1,others,3,3,2,2,2,3,0,0,0,0,0,0,0,Vendor A,2,26.5
e2c0be24560d78c5e599c2a9c9d0bbd2,Unsatisfied,1,0,mobile_app,2,2,3,3,1,4,0,0,0,0,1,0,0,Vendor C,1,24.8
e2c420d928d4bf8ce0ff2ec19b371514,Satisfied,1,1,website,3,1,3,3,3,3,1,1,1,1,1,1,1,Vendor B,1,10
e2ef524fbf3d9fe611d5a8e90fefdc9c,Unsatisfied,1,0,website,2,2,2,3,2,3,0,0,0,1,1,0,1,Vendor C,1,50.1
e369853df766fa44e1ed0ff613f563bd,Satisfied,1,1,website,4,1,2,3,1,3,1,0,1,1,0,0,1,Vendor B,1,11.7
e3796ae838835da0b6f6ea37bcf8bcb7,Unsatisfied,1,1,phone,4,2,2,4,4,3,0,1,0,0,1,0,1,Vendor A,2,51.2
e44fea3bec53bcea3b7513ccef5857ac,Satisfied,1,1,others,1,3,3,2,1,2,0,0,1,0,0,0,0,Vendor B,1,171.7
e46de7e1bcaaced9a54f1e9d0d2f800d,Unsatisfied,1,1,others,1,3,2,2,3,2,1,1,0,1,1,0,1,Vendor C,1,136.8
e49b8b4053df9505e1f48c3a701c0682,Unsatisfied,1,1,others,4,3,3,2,3,4,0,0,0,0,0,0,0,Vendor A,2,42
e4a6222cdb5b34375400904f03d8e6a5,Satisfied,1,1,phone,4,2,5,4,4,3,0,0,1,1,0,0,1,Vendor B,1,50
e4bb4c5173c2ce17fd8fcd40041c068f,Unsatisfied,1,0,others,3,3,3,2,1,2,0,0,0,0,0,0,0,Vendor A,2,97
e4da3b7fbbce2345d7772b0674a318d5,Satisfied,0,0,website,3,1,4,4,2,4,1,0,0,0,1,0,1,Vendor B,2,15
e555ebe0ce426f7f9b2bef0706315e0c,Satisfied,1,0,others,3,3,3,3,4,3,0,0,0,0,0,0,0,Vendor A,3,134.4
e56954b4f6347e897f954495eab16a88,Unsatisfied,0,0,phone,3,2,3,2,1,3,0,1,0,0,0,1,1,Vendor A,2,35
e57c6b956a6521b28495f2886ca0977a,Satisfied,0,0,others,1,3,1,2,4,1,1,0,0,0,0,0,0,Vendor A,2,152.8
e5841df2166dd424a57127423d276bbe,Satisfied,1,1,others,3,3,3,2,3,3,1,1,1,1,0,0,1,Vendor B,1,148.8
e5f6ad6ce374177eef023bf5d0c018b6,Satisfied,1,1,others,5,3,3,3,4,4,0,0,0,0,0,0,0,Vendor B,1,155.5
e6b4b2a746ed40e1af829d1fa82daa10,Unsatisfied,1,1,others,1,3,1,2,2,2,0,0,0,0,0,0,0,Vendor B,2,151.6
e6cb2a3c14431b55aa50c06529eaa21b,Satisfied,0,0,others,5,3,3,3,4,2,1,0,0,0,0,0,0,Vendor B,1,192.4
e70611883d2760c8bbafb4acb29e3446,Satisfied,1,0,others,2,3,2,3,2,2,0,1,0,0,0,0,1,Vendor B,1,182.9
e744f91c29ec99f0e662c9177946c627,Satisfied,1,1,others,3,3,2,3,1,3,1,0,0,0,0,0,0,Vendor B,1,48.2
e7b24b112a44fdd9ee93bdf998c6ca0e,Unsatisfied,1,0,phone,3,3,2,2,1,2,0,0,0,0,0,0,0,Vendor C,1,67.9
e7f8a7fb0b77bcb3b283af5be021448f,Unsatisfied,1,1,others,2,3,2,2,1,4,0,0,0,0,0,0,0,Vendor B,1,87.1
e820a45f1dfc7b95282d10b6087e11c0,Satisfied,1,1,others,4,3,2,3,3,2,1,0,0,0,0,0,0,Vendor C,3,143.5
e836d813fd184325132fca8edcdfb40e,Satisfied,1,1,others,3,3,3,3,2,3,1,0,0,0,0,0,0,Vendor C,3,164.8
e8c0653fea13f91bf3c48159f7c24f78,Satisfied,1,1,others,5,3,3,3,4,4,1,1,1,1,0,0,1,Vendor A,2,137.7
e94550c93cd70fe748e6982b3439ad3b,Unsatisfied,0,0,others,3,3,3,2,4,3,0,0,0,0,0,0,0,Vendor C,2,139.1
e96ed478dab8595a7dbda4cbcbee168f,Satisfied,0,0,mobile_app,3,2,3,3,3,3,0,0,1,1,0,0,1,Vendor A,2,56
e97ee2054defb209c35fe4dc94599061,Satisfied,1,1,others,1,3,2,2,4,2,1,0,0,0,0,0,0,Vendor C,2,228.9
e995f98d56967d946471af29d7bf99f1,Unsatisfied,1,1,others,1,3,3,2,3,3,0,1,0,0,1,1,0,Vendor B,2,108.5
ea5d2f1c4608232e07d3aa3d998e5135,Unsatisfied,0,0,website,4,1,3,3,2,4,0,0,0,0,1,0,1,Vendor C,1,13.6
eaae339c4d89fc102edd9dbdb6a28915,Satisfied,1,1,others,4,3,2,2,4,3,1,1,1,1,0,0,1,Vendor B,2,40.8
eae27d77ca20db309e056e3d2dcd7d69,Satisfied,1,1,mobile_app,3,2,3,3,3,4,1,1,1,1,1,1,1,Vendor C,3,53.1
eb160de1de89d9058fcb0b968dbbbd68,Satisfied,1,1,website,2,2,4,3,4,3,1,1,0,0,1,0,1,Vendor A,2,46.1
eb163727917cbba1eea208541a643e74,Satisfied,1,1,mobile_app,2,2,3,3,4,4,1,1,1,1,0,0,1,Vendor B,1,51.4
eb6fdc36b281b7d5eabf33396c2683a2,Satisfied,1,1,others,2,3,2,1,1,1,0,0,0,0,0,0,0,Vendor B,1,190.7
eba0dc302bcd9a273f8bbb72be3a687b,Satisfied,1,1,others,2,3,3,3,2,3,0,0,0,0,0,0,0,Vendor C,2,234.8
ebd9629fc3ae5e9f6611e2ee05a31cef,Unsatisfied,1,1,others,4,3,2,2,1,4,1,1,0,0,1,0,1,Vendor C,2,69.6
ec5aa0b7846082a2415f0902f0da88f2,Satisfied,1,1,others,5,3,3,3,4,3,0,0,0,0,0,0,0,Vendor B,2,93.7
ec5decca5ed3d6b8079e2e7e7bacc9f2,Satisfied,1,1,website,4,2,4,4,5,3,0,0,0,0,1,0,1,Vendor B,1,53.1
ec8956637a99787bd197eacd77acce5e,Satisfied,1,1,website,5,2,3,4,5,3,0,0,0,0,0,0,0,Vendor B,2,71.1
ec8ce6abb3e952a85b8551ba726a1227,Satisfied,1,1,mobile_app,3,2,4,4,4,3,1,1,0,0,1,1,1,Vendor B,1,57.1
eccbc87e4b5ce2fe28308fd9f2a7baf3,Satisfied,1,1,website,3,1,3,3,4,5,1,0,0,0,1,0,1,Vendor A,2,11.9
ed265bc903a5a097f61d3ec064d96d2e,Satisfied,1,1,others,1,3,1,2,2,2,0,0,0,0,0,0,0,Vendor B,2,278.4
ed3d2c21991e3bef5e069713af9fa6ca,Satisfied,1,1,website,2,2,4,3,4,3,1,0,0,0,0,0,0,Vendor B,1,58.2
eda80a3d5b344bc40f3bc04f65b7a357,Satisfied,0,0,phone,3,2,4,3,2,5,0,1,1,0,0,1,1,Vendor C,3,57.8
eddea82ad2755b24c4e168c5fc2ebd40,Satisfied,1,1,phone,4,2,4,3,2,4,0,0,0,0,0,0,0,Vendor A,4,52.6
ede7e2b6d13a41ddf9f4bdef84fdc737,Satisfied,1,1,others,4,3,2,3,3,3,0,0,0,1,0,0,0,Vendor C,4,148.6
edfbe1afcf9246bb0d40eb4d8027d90f,Satisfied,1,1,others,3,3,3,3,3,3,0,1,0,0,0,1,0,Vendor A,2,179.7
eeb69a3cb92300456b6a5f4162093851,Satisfied,1,1,others,4,3,3,3,3,3,1,0,0,0,0,0,0,Vendor C,1,83.4
eecca5b6365d9607ee5a9d336962c534,Unsatisfied,0,0,mobile_app,2,2,2,2,4,3,1,0,0,0,1,0,0,Vendor B,1,28.5
eed5af6add95a9a6f1252739b1ad8c24,Unsatisfied,0,0,others,2,3,2,2,2,2,1,1,0,0,1,0,1,Vendor A,4,175.4
eefc9e10ebdc4a2333b42b2dbb8f27b6,Satisfied,1,0,others,2,3,3,2,3,2,0,0,0,0,0,0,0,Vendor C,2,188.6
ef0d3930a7b6c95bd2b32ed45989c61f,Satisfied,1,1,phone,3,2,3,4,2,3,1,0,1,0,0,0,1,Vendor A,4,49.6
ef4e3b775c934dada217712d76f3d51f,Satisfied,1,1,others,5,3,2,2,1,3,1,0,0,1,0,0,0,Vendor C,3,101.1
ef575e8837d065a1683c022d2077d342,Unsatisfied,0,0,others,3,3,1,2,3,2,0,1,0,0,0,1,0,Vendor B,3,147.2
efe937780e95574250dabe07151bdc23,Satisfied,1,1,phone,4,3,2,2,3,2,1,1,1,0,0,0,1,Vendor C,1,82.9
f033ab37c30201f73f142449d037028d,Satisfied,1,1,website,4,2,3,4,4,3,0,0,0,0,0,0,1,Vendor A,2,67.7
f0935e4cd5920aa6c7c996a5ee53a70f,Satisfied,1,1,website,1,2,3,3,2,3,0,0,0,0,0,1,1,Vendor A,3,44.9
f0adc8838f4bdedde4ec2cfad0515589,Satisfied,1,1,others,3,3,2,2,4,2,1,1,0,0,1,0,0,Vendor A,4,204.2
f0e52b27a7a5d6a1a87373dffa53dbe5,Satisfied,1,1,others,5,3,2,2,1,2,0,0,1,1,0,0,0,Vendor C,4,111.1
f1b6f2857fb6d44dd73c7041e0aa0f19,Unsatisfied,1,1,others,2,3,1,1,1,1,0,1,0,0,1,0,1,Vendor C,2,88.2
f1c1592588411002af340cbaedd6fc33,Satisfied,0,0,others,3,3,2,2,3,4,1,0,1,0,0,0,0,Vendor A,2,189.3
f2201f5191c4e92cc5af043eebfd0946,Satisfied,1,1,others,5,3,3,3,4,3,1,1,1,1,0,0,0,Vendor B,2,267.2
f2217062e9a397a1dca429e7d70bc6ca,Satisfied,1,1,mobile_app,2,2,4,2,4,4,0,0,0,0,0,0,1,Vendor B,1,50.3
f29c21d4897f78948b91f03172341b7b,Satisfied,1,1,others,4,3,3,3,5,2,0,0,1,0,0,0,0,Vendor B,1,67.2
f2fc990265c712c49d51a18a32b39f0c,Satisfied,1,1,phone,2,2,4,3,3,3,0,0,0,0,0,1,0,Vendor C,1,47.9
f340f1b1f65b6df5b5e3f94d95b11daf,Satisfied,0,0,phone,4,2,2,2,2,3,1,1,1,0,0,0,1,Vendor A,3,35.7
f387624df552cea2f369918c5e1e12bc,Satisfied,1,1,others,3,3,3,3,2,3,1,1,1,1,0,0,1,Vendor C,2,115.6
f3f27a324736617f20abbf2ffd806f6d,Unsatisfied,1,0,others,4,3,2,2,2,2,1,1,1,1,1,1,0,Vendor C,1,58.8
f4552671f8909587cf485ea990207f3b,Unsatisfied,1,1,others,5,3,3,2,3,3,0,0,0,0,0,0,0,Vendor A,2,123
f457c545a9ded88f18ecee47145a72c0,Satisfied,1,1,website,5,1,4,4,4,4,1,1,0,1,1,1,1,Vendor A,2,11.6
f47d0ad31c4c49061b9e505593e3db98,Unsatisfied,0,0,others,3,3,2,2,1,2,0,0,0,0,0,0,0,Vendor A,2,172.5
f4b9ec30ad9f68f89b29639786cb62ef,Unsatisfied,1,1,website,2,2,3,3,1,3,0,0,1,0,1,0,1,Vendor A,4,29
f4be00279ee2e0a53eafdaa94a151e2c,Satisfied,1,1,others,3,3,3,2,4,2,0,0,1,0,0,0,0,Vendor A,4,152.8
f4f6dce2f3a0f9dada0c2b5b66452017,Satisfied,1,0,others,1,3,2,2,3,3,0,0,0,0,0,0,0,Vendor A,4,77.6
f57a2f557b098c43f11ab969efe1504b,Satisfied,1,1,others,1,3,2,2,3,1,0,1,1,0,0,0,0,Vendor C,3,217.3
f5deaeeae1538fb6c45901d524ee2f98,Unsatisfied,0,0,others,2,3,2,3,3,2,0,1,0,1,1,1,1,Vendor A,2,44.7
f5f8590cd58a54e94377e6ae2eded4d9,Satisfied,1,1,others,5,3,3,2,4,3,0,1,1,0,0,0,1,Vendor A,4,89.4
f61d6947467ccd3aa5af24db320235dd,Satisfied,1,1,others,1,3,2,2,2,2,1,1,1,1,0,1,0,Vendor B,1,145.3
f64eac11f2cd8f0efa196f8ad173178e,Unsatisfied,1,1,others,3,3,1,2,1,2,0,0,0,0,0,0,0,Vendor A,2,113
f7177163c833dff4b38fc8d2872f1ec6,Satisfied,1,1,website,5,1,4,5,5,4,1,0,0,0,1,0,1,Vendor A,4,8.6
f718499c1c8cef6730f9fd03c8125cab,Satisfied,1,1,phone,4,2,2,3,1,3,0,0,0,0,0,0,1,Vendor C,3,40.9
f73b76ce8949fe29bf2a537cfa420e8f,Unsatisfied,1,1,others,2,3,2,2,2,2,0,0,0,0,0,0,0,Vendor A,2,89.2
f74909ace68e51891440e4da0b65a70c,Satisfied,1,1,others,5,3,3,3,3,4,0,1,1,0,0,1,1,Vendor A,2,125.1
f7664060cc52bc6f3d620bcedc94a4b6,Unsatisfied,1,1,phone,3,2,3,3,4,4,0,1,1,1,1,1,1,Vendor C,1,59.4
f76a89f0cb91bc419542ce9fa43902dc,Satisfied,1,1,others,4,3,1,2,4,3,0,0,0,0,0,0,0,Vendor B,3,213.4
f770b62bc8f42a0b66751fe636fc6eb0,Satisfied,1,1,others,3,3,3,2,2,3,0,1,0,0,0,0,1,Vendor A,2,145.1
f79921bbae40a577928b76d2fc3edc2a,Unsatisfied,1,0,others,2,3,2,2,2,2,0,0,0,0,0,0,0,Vendor C,1,85.4
f7e6c85504ce6e82442c770f7c8606f0,Satisfied,0,0,mobile_app,3,2,4,4,3,3,0,0,0,1,0,1,1,Vendor A,3,56.9
f7e9050c92a851b0016442ab604b0488,Unsatisfied,1,1,others,4,3,3,3,3,3,0,1,1,1,1,0,1,Vendor B,1,157.2
f85454e8279be180185cac7d243c5eb3,Unsatisfied,1,1,others,4,3,3,2,3,3,0,1,0,0,1,0,0,Vendor A,3,92
f899139df5e1059396431415e770c6dd,Satisfied,1,1,website,3,2,4,4,3,4,0,0,0,0,1,0,0,Vendor B,1,50
f8c1f23d6a8d8d7904fc0ea8e066b3bb,Unsatisfied,1,1,others,5,3,3,2,2,3,0,1,0,0,1,0,0,Vendor B,1,210.1
f9028faec74be6ec9b852b0a542e2f39,Unsatisfied,1,1,others,2,3,2,2,3,2,0,0,0,0,0,0,0,Vendor B,1,78.3
f90f2aca5c640289d0a29417bcb63a37,Unsatisfied,0,0,phone,4,2,4,3,4,4,0,0,0,0,1,0,1,Vendor B,1,50.9
f9a40a4780f5e1306c46f1c8daecee3b,Satisfied,1,1,others,5,3,2,3,3,4,1,1,1,1,0,1,1,Vendor B,1,154.7
f9b902fc3289af4dd08de5d1de54f68f,Satisfied,1,1,phone,4,3,3,3,4,2,0,0,0,0,0,0,0,Vendor C,3,152.8
fa14d4fe2f19414de3ebd9f63d5c0169,Satisfied,1,1,others,2,3,2,3,1,2,0,0,1,0,0,0,0,Vendor C,3,144.7
fa3a3c407f82377f55c19c5d403335c7,Satisfied,1,1,others,4,3,2,3,2,2,1,1,1,1,0,0,0,Vendor A,4,117.7
fa7cdfad1a5aaf8370ebeda47a1ff1c3,Unsatisfied,1,1,mobile_app,2,2,2,2,4,2,0,0,0,1,1,1,1,Vendor B,1,27.9
fa83a11a198d5a7f0bf77a1987bcd006,Satisfied,1,1,others,3,3,3,3,5,3,1,0,1,0,0,0,0,Vendor C,3,206.6
faa9afea49ef2ff029a833cccc778fd0,Unsatisfied,0,0,others,5,3,3,3,2,3,0,0,0,0,0,0,0,Vendor C,1,201.5
fae0b27c451c728867a567e8c1bb4e53,Satisfied,1,1,others,3,3,3,3,2,3,1,1,0,1,0,1,1,Vendor B,1,214.7
fb7b9ffa5462084c5f4e7e85a093e6d7,Satisfied,1,1,phone,4,3,3,2,3,2,1,0,0,1,0,0,0,Vendor A,2,101.4
fb89705ae6d743bf1e848c206e16a1d7,Unsatisfied,1,1,others,4,3,2,2,4,3,0,1,0,0,1,0,0,Vendor B,1,196.1
fbd7939d674997cdb4692d34de8633c4,Satisfied,1,1,website,4,2,2,4,1,3,0,0,0,0,0,0,0,Vendor B,1,41
fc221309746013ac554571fbd180e1c8,Satisfied,1,1,mobile_app,2,2,4,3,1,4,0,0,0,0,0,0,0,Vendor A,4,41.5
fc3cf452d3da8402bebb765225ce8c0e,Unsatisfied,1,1,others,4,3,2,2,2,2,0,0,0,0,0,0,0,Vendor B,1,52.4
fc490ca45c00b1249bbe3554a4fdf6fb,Satisfied,1,1,website,4,1,4,3,3,5,0,0,0,0,1,1,1,Vendor B,3,17
fc49306d97602c8ed1be1dfbf0835ead,Satisfied,1,1,others,3,3,4,3,3,2,0,0,0,0,0,0,0,Vendor B,2,243.2
fc8001f834f6a5f0561080d134d53d29,Satisfied,1,1,others,4,3,3,3,4,3,1,1,0,0,0,0,1,Vendor B,1,121.7
fccb3cdc9acc14a6e70a12f74560c026,Unsatisfied,1,1,others,4,3,2,3,3,2,0,1,0,0,1,0,1,Vendor A,2,134.2
fccb60fb512d13df5083790d64c4d5dd,Unsatisfied,0,0,others,5,3,3,3,2,3,0,1,0,1,1,0,0,Vendor B,2,141
fde9264cf376fffe2ee4ddf4a988880d,Unsatisfied,1,1,others,4,3,3,2,1,3,0,0,0,0,0,0,0,Vendor C,1,99.7
fe131d7f5a6b38b23cc967316c13dae2,Unsatisfied,1,1,phone,3,2,4,3,3,3,0,1,1,0,1,0,1,Vendor B,1,67.1
fe73f687e5bc5280214e0486b273a5f9,Satisfied,0,0,phone,4,2,4,3,3,3,0,0,0,0,0,0,0,Vendor B,1,38.4
fe7ee8fc1959cc7214fa21c4840dff0a,Unsatisfied,0,0,others,1,3,1,2,2,1,0,0,0,0,0,0,0,Vendor B,1,17.5
fe8c15fed5f808006ce95eddb7366e35,Satisfied,1,1,others,5,3,2,3,3,3,0,0,0,0,0,0,0,Vendor A,3,105.1
fe9fc289c3ff0af142b6d3bead98a923,Unsatisfied,1,1,website,3,2,4,3,4,3,0,0,0,0,1,1,0,Vendor B,1,63.5
fec8d47d412bcbeece3d9128ae855a7a,Satisfied,1,1,others,3,3,2,3,3,3,0,1,0,1,0,0,1,Vendor A,3,194.5
ff4d5fbbafdf976cfdc032e3bde78de5,Satisfied,0,0,others,4,3,3,2,5,3,1,0,0,0,0,0,0,Vendor C,1,146.1
ffd52f3c7e12435a724a8f30fddadd9c,Unsatisfied,0,0,others,1,3,2,2,4,2,0,1,1,0,1,0,1,Vendor B,1,221
ffeabd223de0d4eacb9a3e6e53e5448d,Unsatisfied,1,1,others,1,3,3,3,1,3,0,1,0,0,0,0,0,Vendor B,1,69.3